group1,group2,group3,group4,min_angle,max_angle
(chainid A and resid 51) and (name N),(chainid A and resid 51) and (name CA),(chainid A and resid 51) and (name CB),(chainid A and resid 51) and (name CG),55.0,65.0
(chainid A and resid 51) and (name CA),(chainid A and resid 51) and (name CB),(chainid A and resid 51) and (name CG),(chainid A and resid 51) and (name SD),170.0,190.0
(chainid B and resid 51) and (name N),(chainid B and resid 51) and (name CA),(chainid B and resid 51) and (name CB),(chainid B and resid 51) and (name CG),55.0,65.0
(chainid B and resid 51) and (name CA),(chainid B and resid 51) and (name CB),(chainid B and resid 51) and (name CG),(chainid B and resid 51) and (name SD),170.0,190.0
(chainid A and resid 25) and (name CA),(chainid A and resid 25) and (name CB),(chainid A and resid 25) and (name CG),(chainid A and resid 25) and (name CD),170.0,190.0
(chainid B and resid 25) and (name CA),(chainid B and resid 25) and (name CB),(chainid B and resid 25) and (name CG),(chainid B and resid 25) and (name CD),170.0,190.0
(chainid A and resid 68) and (name N),(chainid A and resid 68) and (name CA),(chainid A and resid 68) and (name CB),(chainid A and resid 68) and (name CG),-70.0,-50.0
(chainid B and resid 68) and (name N),(chainid B and resid 68) and (name CA),(chainid B and resid 68) and (name CB),(chainid B and resid 68) and (name CG),-70.0,-50.0
(chainid A and resid 5) and (name N),(chainid A and resid 5) and (name CA),(chainid A and resid 5) and (name CB),(chainid A and resid 5) and (name CG),-70.0,-50.0
(chainid A and resid 5) and (name CA),(chainid A and resid 5) and (name CB),(chainid A and resid 5) and (name CG),(chainid A and resid 5) and (name CD1),170.0,190.0
(chainid A and resid 9) and (name N),(chainid A and resid 9) and (name CA),(chainid A and resid 9) and (name CB),(chainid A and resid 9) and (name CG1),-70.0,-50.0
(chainid A and resid 9) and (name CA),(chainid A and resid 9) and (name CB),(chainid A and resid 9) and (name CG1),(chainid A and resid 9) and (name CD1),170.0,190.0
(chainid A and resid 10) and (name N),(chainid A and resid 10) and (name CA),(chainid A and resid 10) and (name CB),(chainid A and resid 10) and (name CG1),-70.0,-50.0
(chainid A and resid 10) and (name CA),(chainid A and resid 10) and (name CB),(chainid A and resid 10) and (name CG1),(chainid A and resid 10) and (name CD1),-70.0,-50.0
(chainid A and resid 13) and (name N),(chainid A and resid 13) and (name CA),(chainid A and resid 13) and (name CB),(chainid A and resid 13) and (name CG),-70.0,-50.0
(chainid A and resid 13) and (name CA),(chainid A and resid 13) and (name CB),(chainid A and resid 13) and (name CG),(chainid A and resid 13) and (name CD1),170.0,190.0
(chainid A and resid 14) and (name N),(chainid A and resid 14) and (name CA),(chainid A and resid 14) and (name CB),(chainid A and resid 14) and (name CG1),-70.0,-50.0
(chainid A and resid 14) and (name CA),(chainid A and resid 14) and (name CB),(chainid A and resid 14) and (name CG1),(chainid A and resid 14) and (name CD1),170.0,190.0
(chainid A and resid 16) and (name N),(chainid A and resid 16) and (name CA),(chainid A and resid 16) and (name CB),(chainid A and resid 16) and (name CG),-70.0,-50.0
(chainid A and resid 16) and (name CA),(chainid A and resid 16) and (name CB),(chainid A and resid 16) and (name CG),(chainid A and resid 16) and (name CD1),170.0,190.0
(chainid A and resid 27) and (name N),(chainid A and resid 27) and (name CA),(chainid A and resid 27) and (name CB),(chainid A and resid 27) and (name CG),170.0,190.0
(chainid A and resid 27) and (name CA),(chainid A and resid 27) and (name CB),(chainid A and resid 27) and (name CG),(chainid A and resid 27) and (name CD1),50.0,70.0
(chainid A and resid 41) and (name N),(chainid A and resid 41) and (name CA),(chainid A and resid 41) and (name CB),(chainid A and resid 41) and (name CG1),170.0,190.0
(chainid A and resid 41) and (name CA),(chainid A and resid 41) and (name CB),(chainid A and resid 41) and (name CG1),(chainid A and resid 41) and (name CD1),170.0,190.0
(chainid A and resid 55) and (name N),(chainid A and resid 55) and (name CA),(chainid A and resid 55) and (name CB),(chainid A and resid 55) and (name CG1),170.0,190.0
(chainid A and resid 55) and (name CA),(chainid A and resid 55) and (name CB),(chainid A and resid 55) and (name CG1),(chainid A and resid 55) and (name CD1),170.0,190.0
(chainid A and resid 57) and (name N),(chainid A and resid 57) and (name CA),(chainid A and resid 57) and (name CB),(chainid A and resid 57) and (name CG),-70.0,-50.0
(chainid A and resid 57) and (name CA),(chainid A and resid 57) and (name CB),(chainid A and resid 57) and (name CG),(chainid A and resid 57) and (name CD1),170.0,190.0
(chainid A and resid 65) and (name N),(chainid A and resid 65) and (name CA),(chainid A and resid 65) and (name CB),(chainid A and resid 65) and (name CG),170.0,190.0
(chainid A and resid 65) and (name CA),(chainid A and resid 65) and (name CB),(chainid A and resid 65) and (name CG),(chainid A and resid 65) and (name CD1),70.0,90.0
(chainid A and resid 66) and (name N),(chainid A and resid 66) and (name CA),(chainid A and resid 66) and (name CB),(chainid A and resid 66) and (name CG),-70.0,-50.0
(chainid A and resid 66) and (name CA),(chainid A and resid 66) and (name CB),(chainid A and resid 66) and (name CG),(chainid A and resid 66) and (name CD1),170.0,190.0
(chainid A and resid 69) and (name N),(chainid A and resid 69) and (name CA),(chainid A and resid 69) and (name CB),(chainid A and resid 69) and (name CG),-70.0,-50.0
(chainid A and resid 69) and (name CA),(chainid A and resid 69) and (name CB),(chainid A and resid 69) and (name CG),(chainid A and resid 69) and (name CD1),170.0,190.0
(chainid A and resid 73) and (name N),(chainid A and resid 73) and (name CA),(chainid A and resid 73) and (name CB),(chainid A and resid 73) and (name CG),-70.0,-50.0
(chainid A and resid 73) and (name CA),(chainid A and resid 73) and (name CB),(chainid A and resid 73) and (name CG),(chainid A and resid 73) and (name CD1),170.0,190.0
(chainid B and resid 5) and (name N),(chainid B and resid 5) and (name CA),(chainid B and resid 5) and (name CB),(chainid B and resid 5) and (name CG),-70.0,-50.0
(chainid B and resid 5) and (name CA),(chainid B and resid 5) and (name CB),(chainid B and resid 5) and (name CG),(chainid B and resid 5) and (name CD1),170.0,190.0
(chainid B and resid 9) and (name N),(chainid B and resid 9) and (name CA),(chainid B and resid 9) and (name CB),(chainid B and resid 9) and (name CG1),-70.0,-50.0
(chainid B and resid 9) and (name CA),(chainid B and resid 9) and (name CB),(chainid B and resid 9) and (name CG1),(chainid B and resid 9) and (name CD1),170.0,190.0
(chainid B and resid 10) and (name N),(chainid B and resid 10) and (name CA),(chainid B and resid 10) and (name CB),(chainid B and resid 10) and (name CG1),-70.0,-50.0
(chainid B and resid 10) and (name CA),(chainid B and resid 10) and (name CB),(chainid B and resid 10) and (name CG1),(chainid B and resid 10) and (name CD1),-70.0,-50.0
(chainid B and resid 13) and (name N),(chainid B and resid 13) and (name CA),(chainid B and resid 13) and (name CB),(chainid B and resid 13) and (name CG),-70.0,-50.0
(chainid B and resid 13) and (name CA),(chainid B and resid 13) and (name CB),(chainid B and resid 13) and (name CG),(chainid B and resid 13) and (name CD1),170.0,190.0
(chainid B and resid 14) and (name N),(chainid B and resid 14) and (name CA),(chainid B and resid 14) and (name CB),(chainid B and resid 14) and (name CG1),-70.0,-50.0
(chainid B and resid 14) and (name CA),(chainid B and resid 14) and (name CB),(chainid B and resid 14) and (name CG1),(chainid B and resid 14) and (name CD1),170.0,190.0
(chainid B and resid 16) and (name N),(chainid B and resid 16) and (name CA),(chainid B and resid 16) and (name CB),(chainid B and resid 16) and (name CG),-70.0,-50.0
(chainid B and resid 16) and (name CA),(chainid B and resid 16) and (name CB),(chainid B and resid 16) and (name CG),(chainid B and resid 16) and (name CD1),170.0,190.0
(chainid B and resid 27) and (name N),(chainid B and resid 27) and (name CA),(chainid B and resid 27) and (name CB),(chainid B and resid 27) and (name CG),170.0,190.0
(chainid B and resid 27) and (name CA),(chainid B and resid 27) and (name CB),(chainid B and resid 27) and (name CG),(chainid B and resid 27) and (name CD1),50.0,70.0
(chainid B and resid 41) and (name N),(chainid B and resid 41) and (name CA),(chainid B and resid 41) and (name CB),(chainid B and resid 41) and (name CG1),170.0,190.0
(chainid B and resid 41) and (name CA),(chainid B and resid 41) and (name CB),(chainid B and resid 41) and (name CG1),(chainid B and resid 41) and (name CD1),170.0,190.0
(chainid B and resid 55) and (name N),(chainid B and resid 55) and (name CA),(chainid B and resid 55) and (name CB),(chainid B and resid 55) and (name CG1),170.0,190.0
(chainid B and resid 55) and (name CA),(chainid B and resid 55) and (name CB),(chainid B and resid 55) and (name CG1),(chainid B and resid 55) and (name CD1),170.0,190.0
(chainid B and resid 57) and (name N),(chainid B and resid 57) and (name CA),(chainid B and resid 57) and (name CB),(chainid B and resid 57) and (name CG),-70.0,-50.0
(chainid B and resid 57) and (name CA),(chainid B and resid 57) and (name CB),(chainid B and resid 57) and (name CG),(chainid B and resid 57) and (name CD1),170.0,190.0
(chainid B and resid 65) and (name N),(chainid B and resid 65) and (name CA),(chainid B and resid 65) and (name CB),(chainid B and resid 65) and (name CG),170.0,190.0
(chainid B and resid 65) and (name CA),(chainid B and resid 65) and (name CB),(chainid B and resid 65) and (name CG),(chainid B and resid 65) and (name CD1),70.0,90.0
(chainid B and resid 66) and (name N),(chainid B and resid 66) and (name CA),(chainid B and resid 66) and (name CB),(chainid B and resid 66) and (name CG),-70.0,-50.0
(chainid B and resid 66) and (name CA),(chainid B and resid 66) and (name CB),(chainid B and resid 66) and (name CG),(chainid B and resid 66) and (name CD1),170.0,190.0
(chainid B and resid 69) and (name N),(chainid B and resid 69) and (name CA),(chainid B and resid 69) and (name CB),(chainid B and resid 69) and (name CG),-70.0,-50.0
(chainid B and resid 69) and (name CA),(chainid B and resid 69) and (name CB),(chainid B and resid 69) and (name CG),(chainid B and resid 69) and (name CD1),170.0,190.0
(chainid B and resid 73) and (name N),(chainid B and resid 73) and (name CA),(chainid B and resid 73) and (name CB),(chainid B and resid 73) and (name CG),-70.0,-50.0
(chainid B and resid 73) and (name CA),(chainid B and resid 73) and (name CB),(chainid B and resid 73) and (name CG),(chainid B and resid 73) and (name CD1),170.0,190.0
(chainid A and resid 1) and (name C),(chainid A and resid 2) and (name N),(chainid A and resid 2) and (name CA),(chainid A and resid 2) and (name C),-154.5,-14.5
(chainid A and resid 2) and (name N),(chainid A and resid 2) and (name CA),(chainid A and resid 2) and (name C),(chainid A and resid 3) and (name N),57.7,197.7
(chainid A and resid 2) and (name C),(chainid A and resid 3) and (name N),(chainid A and resid 3) and (name CA),(chainid A and resid 3) and (name C),-127.0,-53.4
(chainid A and resid 3) and (name N),(chainid A and resid 3) and (name CA),(chainid A and resid 3) and (name C),(chainid A and resid 4) and (name N),-68.1,25.3
(chainid A and resid 3) and (name C),(chainid A and resid 4) and (name N),(chainid A and resid 4) and (name CA),(chainid A and resid 4) and (name C),-171.7,-31.7
(chainid A and resid 4) and (name N),(chainid A and resid 4) and (name CA),(chainid A and resid 4) and (name C),(chainid A and resid 5) and (name N),89.2,192.5
(chainid A and resid 4) and (name C),(chainid A and resid 5) and (name N),(chainid A and resid 5) and (name CA),(chainid A and resid 5) and (name C),-140.8,-55.4
(chainid A and resid 5) and (name N),(chainid A and resid 5) and (name CA),(chainid A and resid 5) and (name C),(chainid A and resid 6) and (name N),105.5,164.6
(chainid A and resid 5) and (name C),(chainid A and resid 6) and (name N),(chainid A and resid 6) and (name CA),(chainid A and resid 6) and (name C),-131.3,-74.7
(chainid A and resid 6) and (name N),(chainid A and resid 6) and (name CA),(chainid A and resid 6) and (name C),(chainid A and resid 7) and (name N),105.1,163.5
(chainid A and resid 6) and (name C),(chainid A and resid 7) and (name N),(chainid A and resid 7) and (name CA),(chainid A and resid 7) and (name C),-174.5,-88.1
(chainid A and resid 7) and (name N),(chainid A and resid 7) and (name CA),(chainid A and resid 7) and (name C),(chainid A and resid 8) and (name N),117.4,188.5
(chainid A and resid 7) and (name C),(chainid A and resid 8) and (name N),(chainid A and resid 8) and (name CA),(chainid A and resid 8) and (name C),-161.5,-109.6
(chainid A and resid 8) and (name N),(chainid A and resid 8) and (name CA),(chainid A and resid 8) and (name C),(chainid A and resid 9) and (name N),104.9,159.9
(chainid A and resid 8) and (name C),(chainid A and resid 9) and (name N),(chainid A and resid 9) and (name CA),(chainid A and resid 9) and (name C),-110.9,-57.4
(chainid A and resid 9) and (name N),(chainid A and resid 9) and (name CA),(chainid A and resid 9) and (name C),(chainid A and resid 10) and (name N),96.6,136.6
(chainid A and resid 9) and (name C),(chainid A and resid 10) and (name N),(chainid A and resid 10) and (name CA),(chainid A and resid 10) and (name C),-120.7,-63.8
(chainid A and resid 10) and (name N),(chainid A and resid 10) and (name CA),(chainid A and resid 10) and (name C),(chainid A and resid 11) and (name N),-57.0,-11.4
(chainid A and resid 10) and (name C),(chainid A and resid 11) and (name N),(chainid A and resid 11) and (name CA),(chainid A and resid 11) and (name C),-183.9,-115.0
(chainid A and resid 11) and (name N),(chainid A and resid 11) and (name CA),(chainid A and resid 11) and (name C),(chainid A and resid 12) and (name N),116.4,161.5
(chainid A and resid 11) and (name C),(chainid A and resid 12) and (name N),(chainid A and resid 12) and (name CA),(chainid A and resid 12) and (name C),-140.9,-59.3
(chainid A and resid 12) and (name N),(chainid A and resid 12) and (name CA),(chainid A and resid 12) and (name C),(chainid A and resid 13) and (name N),92.2,170.9
(chainid A and resid 12) and (name C),(chainid A and resid 13) and (name N),(chainid A and resid 13) and (name CA),(chainid A and resid 13) and (name C),-120.3,-61.1
(chainid A and resid 13) and (name N),(chainid A and resid 13) and (name CA),(chainid A and resid 13) and (name C),(chainid A and resid 14) and (name N),-55.2,-7.7
(chainid A and resid 13) and (name C),(chainid A and resid 14) and (name N),(chainid A and resid 14) and (name CA),(chainid A and resid 14) and (name C),-218.6,-78.6
(chainid A and resid 14) and (name N),(chainid A and resid 14) and (name CA),(chainid A and resid 14) and (name C),(chainid A and resid 15) and (name N),111.7,164.5
(chainid A and resid 14) and (name C),(chainid A and resid 15) and (name N),(chainid A and resid 15) and (name CA),(chainid A and resid 15) and (name C),-130.5,-47.0
(chainid A and resid 15) and (name N),(chainid A and resid 15) and (name CA),(chainid A and resid 15) and (name C),(chainid A and resid 16) and (name N),103.3,147.3
(chainid A and resid 15) and (name C),(chainid A and resid 16) and (name N),(chainid A and resid 16) and (name CA),(chainid A and resid 16) and (name C),-116.2,-73.8
(chainid A and resid 16) and (name N),(chainid A and resid 16) and (name CA),(chainid A and resid 16) and (name C),(chainid A and resid 17) and (name N),-58.2,-15.4
(chainid A and resid 17) and (name C),(chainid A and resid 18) and (name N),(chainid A and resid 18) and (name CA),(chainid A and resid 18) and (name C),-157.1,-90.0
(chainid A and resid 18) and (name N),(chainid A and resid 18) and (name CA),(chainid A and resid 18) and (name C),(chainid A and resid 19) and (name N),107.3,147.3
(chainid A and resid 18) and (name C),(chainid A and resid 19) and (name N),(chainid A and resid 19) and (name CA),(chainid A and resid 19) and (name C),-108.1,-67.3
(chainid A and resid 19) and (name N),(chainid A and resid 19) and (name CA),(chainid A and resid 19) and (name C),(chainid A and resid 20) and (name N),124.0,217.9
(chainid A and resid 19) and (name C),(chainid A and resid 20) and (name N),(chainid A and resid 20) and (name CA),(chainid A and resid 20) and (name C),-85.1,-45.1
(chainid A and resid 20) and (name N),(chainid A and resid 20) and (name CA),(chainid A and resid 20) and (name C),(chainid A and resid 21) and (name N),-47.8,19.5
(chainid A and resid 20) and (name C),(chainid A and resid 21) and (name N),(chainid A and resid 21) and (name CA),(chainid A and resid 21) and (name C),-109.8,-63.5
(chainid A and resid 21) and (name N),(chainid A and resid 21) and (name CA),(chainid A and resid 21) and (name C),(chainid A and resid 22) and (name N),-22.5,17.5
(chainid A and resid 21) and (name C),(chainid A and resid 22) and (name N),(chainid A and resid 22) and (name CA),(chainid A and resid 22) and (name C),68.9,123.8
(chainid A and resid 22) and (name N),(chainid A and resid 22) and (name CA),(chainid A and resid 22) and (name C),(chainid A and resid 23) and (name N),-21.9,18.1
(chainid A and resid 22) and (name C),(chainid A and resid 23) and (name N),(chainid A and resid 23) and (name CA),(chainid A and resid 23) and (name C),-144.4,-4.4
(chainid A and resid 23) and (name N),(chainid A and resid 23) and (name CA),(chainid A and resid 23) and (name C),(chainid A and resid 24) and (name N),83.9,191.1
(chainid A and resid 23) and (name C),(chainid A and resid 24) and (name N),(chainid A and resid 24) and (name CA),(chainid A and resid 24) and (name C),-159.7,-78.5
(chainid A and resid 24) and (name N),(chainid A and resid 24) and (name CA),(chainid A and resid 24) and (name C),(chainid A and resid 25) and (name N),116.7,176.9
(chainid A and resid 24) and (name C),(chainid A and resid 25) and (name N),(chainid A and resid 25) and (name CA),(chainid A and resid 25) and (name C),-119.6,-79.6
(chainid A and resid 25) and (name N),(chainid A and resid 25) and (name CA),(chainid A and resid 25) and (name C),(chainid A and resid 26) and (name N),97.5,146.5
(chainid A and resid 25) and (name C),(chainid A and resid 26) and (name N),(chainid A and resid 26) and (name CA),(chainid A and resid 26) and (name C),-154.9,-93.9
(chainid A and resid 26) and (name N),(chainid A and resid 26) and (name CA),(chainid A and resid 26) and (name C),(chainid A and resid 27) and (name N),127.3,174.6
(chainid A and resid 26) and (name C),(chainid A and resid 27) and (name N),(chainid A and resid 27) and (name CA),(chainid A and resid 27) and (name C),-154.7,-88.7
(chainid A and resid 27) and (name N),(chainid A and resid 27) and (name CA),(chainid A and resid 27) and (name C),(chainid A and resid 28) and (name N),108.2,148.2
(chainid A and resid 27) and (name C),(chainid A and resid 28) and (name N),(chainid A and resid 28) and (name CA),(chainid A and resid 28) and (name C),-163.4,-84.2
(chainid A and resid 28) and (name N),(chainid A and resid 28) and (name CA),(chainid A and resid 28) and (name C),(chainid A and resid 29) and (name N),117.9,189.6
(chainid A and resid 28) and (name C),(chainid A and resid 29) and (name N),(chainid A and resid 29) and (name CA),(chainid A and resid 29) and (name C),-146.5,-71.4
(chainid A and resid 29) and (name N),(chainid A and resid 29) and (name CA),(chainid A and resid 29) and (name C),(chainid A and resid 30) and (name N),115.5,155.5
(chainid A and resid 29) and (name C),(chainid A and resid 30) and (name N),(chainid A and resid 30) and (name CA),(chainid A and resid 30) and (name C),-152.0,-112.0
(chainid A and resid 30) and (name N),(chainid A and resid 30) and (name CA),(chainid A and resid 30) and (name C),(chainid A and resid 31) and (name N),121.4,161.4
(chainid A and resid 30) and (name C),(chainid A and resid 31) and (name N),(chainid A and resid 31) and (name CA),(chainid A and resid 31) and (name C),-132.5,-65.4
(chainid A and resid 31) and (name N),(chainid A and resid 31) and (name CA),(chainid A and resid 31) and (name C),(chainid A and resid 32) and (name N),99.8,149.1
(chainid A and resid 31) and (name C),(chainid A and resid 32) and (name N),(chainid A and resid 32) and (name CA),(chainid A and resid 32) and (name C),-153.7,-76.1
(chainid A and resid 32) and (name N),(chainid A and resid 32) and (name CA),(chainid A and resid 32) and (name C),(chainid A and resid 33) and (name N),71.2,154.2
(chainid A and resid 35) and (name C),(chainid A and resid 36) and (name N),(chainid A and resid 36) and (name CA),(chainid A and resid 36) and (name C),-98.7,-49.8
(chainid A and resid 36) and (name N),(chainid A and resid 36) and (name CA),(chainid A and resid 36) and (name C),(chainid A and resid 37) and (name N),112.8,166.8
(chainid A and resid 37) and (name N),(chainid A and resid 37) and (name CA),(chainid A and resid 37) and (name C),(chainid A and resid 38) and (name N),119.9,172.6
(chainid A and resid 37) and (name C),(chainid A and resid 38) and (name N),(chainid A and resid 38) and (name CA),(chainid A and resid 38) and (name C),-150.2,-106.4
(chainid A and resid 38) and (name N),(chainid A and resid 38) and (name CA),(chainid A and resid 38) and (name C),(chainid A and resid 39) and (name N),134.9,174.9
(chainid A and resid 38) and (name C),(chainid A and resid 39) and (name N),(chainid A and resid 39) and (name CA),(chainid A and resid 39) and (name C),-97.9,-57.9
(chainid A and resid 39) and (name N),(chainid A and resid 39) and (name CA),(chainid A and resid 39) and (name C),(chainid A and resid 40) and (name N),106.5,167.9
(chainid A and resid 39) and (name C),(chainid A and resid 40) and (name N),(chainid A and resid 40) and (name CA),(chainid A and resid 40) and (name C),-169.0,-91.6
(chainid A and resid 40) and (name N),(chainid A and resid 40) and (name CA),(chainid A and resid 40) and (name C),(chainid A and resid 41) and (name N),90.2,184.2
(chainid A and resid 40) and (name C),(chainid A and resid 41) and (name N),(chainid A and resid 41) and (name CA),(chainid A and resid 41) and (name C),-155.4,-86.8
(chainid A and resid 41) and (name N),(chainid A and resid 41) and (name CA),(chainid A and resid 41) and (name C),(chainid A and resid 42) and (name N),95.4,167.5
(chainid A and resid 41) and (name C),(chainid A and resid 42) and (name N),(chainid A and resid 42) and (name CA),(chainid A and resid 42) and (name C),-182.8,-96.2
(chainid A and resid 42) and (name N),(chainid A and resid 42) and (name CA),(chainid A and resid 42) and (name C),(chainid A and resid 43) and (name N),131.2,182.9
(chainid A and resid 42) and (name C),(chainid A and resid 43) and (name N),(chainid A and resid 43) and (name CA),(chainid A and resid 43) and (name C),-161.3,-71.9
(chainid A and resid 43) and (name N),(chainid A and resid 43) and (name CA),(chainid A and resid 43) and (name C),(chainid A and resid 44) and (name N),116.7,165.8
(chainid A and resid 43) and (name C),(chainid A and resid 44) and (name N),(chainid A and resid 44) and (name CA),(chainid A and resid 44) and (name C),-160.2,-117.5
(chainid A and resid 44) and (name N),(chainid A and resid 44) and (name CA),(chainid A and resid 44) and (name C),(chainid A and resid 45) and (name N),134.8,179.8
(chainid A and resid 44) and (name C),(chainid A and resid 45) and (name N),(chainid A and resid 45) and (name CA),(chainid A and resid 45) and (name C),-118.8,-27.4
(chainid A and resid 45) and (name N),(chainid A and resid 45) and (name CA),(chainid A and resid 45) and (name C),(chainid A and resid 46) and (name N),119.5,173.6
(chainid A and resid 46) and (name N),(chainid A and resid 46) and (name CA),(chainid A and resid 46) and (name C),(chainid A and resid 47) and (name N),-46.4,1.7
(chainid A and resid 46) and (name C),(chainid A and resid 47) and (name N),(chainid A and resid 47) and (name CA),(chainid A and resid 47) and (name C),-117.4,-68.1
(chainid A and resid 47) and (name N),(chainid A and resid 47) and (name CA),(chainid A and resid 47) and (name C),(chainid A and resid 48) and (name N),-4.1,35.9
(chainid A and resid 47) and (name C),(chainid A and resid 48) and (name N),(chainid A and resid 48) and (name CA),(chainid A and resid 48) and (name C),41.3,81.3
(chainid A and resid 48) and (name N),(chainid A and resid 48) and (name CA),(chainid A and resid 48) and (name C),(chainid A and resid 49) and (name N),7.5,47.5
(chainid A and resid 49) and (name C),(chainid A and resid 50) and (name N),(chainid A and resid 50) and (name CA),(chainid A and resid 50) and (name C),-176.2,-75.4
(chainid A and resid 50) and (name N),(chainid A and resid 50) and (name CA),(chainid A and resid 50) and (name C),(chainid A and resid 51) and (name N),125.0,191.4
(chainid A and resid 50) and (name C),(chainid A and resid 51) and (name N),(chainid A and resid 51) and (name CA),(chainid A and resid 51) and (name C),-156.7,-78.1
(chainid A and resid 51) and (name N),(chainid A and resid 51) and (name CA),(chainid A and resid 51) and (name C),(chainid A and resid 52) and (name N),104.6,167.5
(chainid A and resid 51) and (name C),(chainid A and resid 52) and (name N),(chainid A and resid 52) and (name CA),(chainid A and resid 52) and (name C),58.1,198.1
(chainid A and resid 52) and (name N),(chainid A and resid 52) and (name CA),(chainid A and resid 52) and (name C),(chainid A and resid 53) and (name N),126.2,223.7
(chainid A and resid 52) and (name C),(chainid A and resid 53) and (name N),(chainid A and resid 53) and (name CA),(chainid A and resid 53) and (name C),-168.9,-28.9
(chainid A and resid 53) and (name N),(chainid A and resid 53) and (name CA),(chainid A and resid 53) and (name C),(chainid A and resid 54) and (name N),83.4,195.5
(chainid A and resid 54) and (name C),(chainid A and resid 55) and (name N),(chainid A and resid 55) and (name CA),(chainid A and resid 55) and (name C),-167.7,-96.7
(chainid A and resid 55) and (name N),(chainid A and resid 55) and (name CA),(chainid A and resid 55) and (name C),(chainid A and resid 56) and (name N),129.8,192.4
(chainid A and resid 55) and (name C),(chainid A and resid 56) and (name N),(chainid A and resid 56) and (name CA),(chainid A and resid 56) and (name C),-164.4,-89.4
(chainid A and resid 56) and (name N),(chainid A and resid 56) and (name CA),(chainid A and resid 56) and (name C),(chainid A and resid 57) and (name N),126.8,166.8
(chainid A and resid 56) and (name C),(chainid A and resid 57) and (name N),(chainid A and resid 57) and (name CA),(chainid A and resid 57) and (name C),-151.9,-98.9
(chainid A and resid 57) and (name N),(chainid A and resid 57) and (name CA),(chainid A and resid 57) and (name C),(chainid A and resid 58) and (name N),97.5,167.7
(chainid A and resid 57) and (name C),(chainid A and resid 58) and (name N),(chainid A and resid 58) and (name CA),(chainid A and resid 58) and (name C),-135.3,-38.2
(chainid A and resid 58) and (name N),(chainid A and resid 58) and (name CA),(chainid A and resid 58) and (name C),(chainid A and resid 59) and (name N),143.8,183.8
(chainid A and resid 58) and (name C),(chainid A and resid 59) and (name N),(chainid A and resid 59) and (name CA),(chainid A and resid 59) and (name C),-78.6,-38.6
(chainid A and resid 59) and (name N),(chainid A and resid 59) and (name CA),(chainid A and resid 59) and (name C),(chainid A and resid 60) and (name N),-58.8,-18.8
(chainid A and resid 59) and (name C),(chainid A and resid 60) and (name N),(chainid A and resid 60) and (name CA),(chainid A and resid 60) and (name C),-86.2,-46.2
(chainid A and resid 60) and (name N),(chainid A and resid 60) and (name CA),(chainid A and resid 60) and (name C),(chainid A and resid 61) and (name N),-61.2,-21.2
(chainid A and resid 60) and (name C),(chainid A and resid 61) and (name N),(chainid A and resid 61) and (name CA),(chainid A and resid 61) and (name C),-84.8,-44.8
(chainid A and resid 61) and (name N),(chainid A and resid 61) and (name CA),(chainid A and resid 61) and (name C),(chainid A and resid 62) and (name N),-60.9,-20.9
(chainid A and resid 61) and (name C),(chainid A and resid 62) and (name N),(chainid A and resid 62) and (name CA),(chainid A and resid 62) and (name C),-84.2,-44.2
(chainid A and resid 62) and (name N),(chainid A and resid 62) and (name CA),(chainid A and resid 62) and (name C),(chainid A and resid 63) and (name N),-60.4,-20.4
(chainid A and resid 62) and (name C),(chainid A and resid 63) and (name N),(chainid A and resid 63) and (name CA),(chainid A and resid 63) and (name C),-84.1,-44.1
(chainid A and resid 63) and (name N),(chainid A and resid 63) and (name CA),(chainid A and resid 63) and (name C),(chainid A and resid 64) and (name N),-60.2,-20.2
(chainid A and resid 63) and (name C),(chainid A and resid 64) and (name N),(chainid A and resid 64) and (name CA),(chainid A and resid 64) and (name C),-86.0,-46.0
(chainid A and resid 64) and (name N),(chainid A and resid 64) and (name CA),(chainid A and resid 64) and (name C),(chainid A and resid 65) and (name N),-60.7,-20.7
(chainid A and resid 64) and (name C),(chainid A and resid 65) and (name N),(chainid A and resid 65) and (name CA),(chainid A and resid 65) and (name C),-80.0,-40.0
(chainid A and resid 65) and (name N),(chainid A and resid 65) and (name CA),(chainid A and resid 65) and (name C),(chainid A and resid 66) and (name N),-69.4,-29.4
(chainid A and resid 65) and (name C),(chainid A and resid 66) and (name N),(chainid A and resid 66) and (name CA),(chainid A and resid 66) and (name C),-77.5,-37.5
(chainid A and resid 66) and (name N),(chainid A and resid 66) and (name CA),(chainid A and resid 66) and (name C),(chainid A and resid 67) and (name N),-59.3,-19.3
(chainid A and resid 66) and (name C),(chainid A and resid 67) and (name N),(chainid A and resid 67) and (name CA),(chainid A and resid 67) and (name C),-81.8,-41.8
(chainid A and resid 67) and (name N),(chainid A and resid 67) and (name CA),(chainid A and resid 67) and (name C),(chainid A and resid 68) and (name N),-61.5,-21.5
(chainid A and resid 67) and (name C),(chainid A and resid 68) and (name N),(chainid A and resid 68) and (name CA),(chainid A and resid 68) and (name C),-85.1,-45.1
(chainid A and resid 68) and (name N),(chainid A and resid 68) and (name CA),(chainid A and resid 68) and (name C),(chainid A and resid 69) and (name N),-59.1,-15.3
(chainid A and resid 68) and (name C),(chainid A and resid 69) and (name N),(chainid A and resid 69) and (name CA),(chainid A and resid 69) and (name C),-87.2,-47.2
(chainid A and resid 69) and (name N),(chainid A and resid 69) and (name CA),(chainid A and resid 69) and (name C),(chainid A and resid 70) and (name N),-62.0,-8.4
(chainid A and resid 69) and (name C),(chainid A and resid 70) and (name N),(chainid A and resid 70) and (name CA),(chainid A and resid 70) and (name C),-87.1,-47.1
(chainid A and resid 70) and (name N),(chainid A and resid 70) and (name CA),(chainid A and resid 70) and (name C),(chainid A and resid 71) and (name N),-47.3,-7.3
(chainid A and resid 70) and (name C),(chainid A and resid 71) and (name N),(chainid A and resid 71) and (name CA),(chainid A and resid 71) and (name C),-83.0,-43.0
(chainid A and resid 71) and (name N),(chainid A and resid 71) and (name CA),(chainid A and resid 71) and (name C),(chainid A and resid 72) and (name N),-61.3,-21.3
(chainid A and resid 71) and (name C),(chainid A and resid 72) and (name N),(chainid A and resid 72) and (name CA),(chainid A and resid 72) and (name C),-90.1,-45.4
(chainid A and resid 72) and (name N),(chainid A and resid 72) and (name CA),(chainid A and resid 72) and (name C),(chainid A and resid 73) and (name N),-69.3,17.3
(chainid A and resid 72) and (name C),(chainid A and resid 73) and (name N),(chainid A and resid 73) and (name CA),(chainid A and resid 73) and (name C),-121.3,-35.5
(chainid A and resid 73) and (name N),(chainid A and resid 73) and (name CA),(chainid A and resid 73) and (name C),(chainid A and resid 74) and (name N),-83.0,23.8
(chainid A and resid 73) and (name C),(chainid A and resid 74) and (name N),(chainid A and resid 74) and (name CA),(chainid A and resid 74) and (name C),-122.6,-28.9
(chainid A and resid 74) and (name N),(chainid A and resid 74) and (name CA),(chainid A and resid 74) and (name C),(chainid A and resid 75) and (name N),-78.0,20.0
(chainid B and resid 1) and (name C),(chainid B and resid 2) and (name N),(chainid B and resid 2) and (name CA),(chainid B and resid 2) and (name C),-154.5,-14.5
(chainid B and resid 2) and (name N),(chainid B and resid 2) and (name CA),(chainid B and resid 2) and (name C),(chainid B and resid 3) and (name N),57.7,197.7
(chainid B and resid 2) and (name C),(chainid B and resid 3) and (name N),(chainid B and resid 3) and (name CA),(chainid B and resid 3) and (name C),-127.0,-53.4
(chainid B and resid 3) and (name N),(chainid B and resid 3) and (name CA),(chainid B and resid 3) and (name C),(chainid B and resid 4) and (name N),-68.1,25.3
(chainid B and resid 3) and (name C),(chainid B and resid 4) and (name N),(chainid B and resid 4) and (name CA),(chainid B and resid 4) and (name C),-171.7,-31.7
(chainid B and resid 4) and (name N),(chainid B and resid 4) and (name CA),(chainid B and resid 4) and (name C),(chainid B and resid 5) and (name N),89.2,192.5
(chainid B and resid 4) and (name C),(chainid B and resid 5) and (name N),(chainid B and resid 5) and (name CA),(chainid B and resid 5) and (name C),-140.8,-55.4
(chainid B and resid 5) and (name N),(chainid B and resid 5) and (name CA),(chainid B and resid 5) and (name C),(chainid B and resid 6) and (name N),105.5,164.6
(chainid B and resid 5) and (name C),(chainid B and resid 6) and (name N),(chainid B and resid 6) and (name CA),(chainid B and resid 6) and (name C),-131.3,-74.7
(chainid B and resid 6) and (name N),(chainid B and resid 6) and (name CA),(chainid B and resid 6) and (name C),(chainid B and resid 7) and (name N),105.1,163.5
(chainid B and resid 6) and (name C),(chainid B and resid 7) and (name N),(chainid B and resid 7) and (name CA),(chainid B and resid 7) and (name C),-174.5,-88.1
(chainid B and resid 7) and (name N),(chainid B and resid 7) and (name CA),(chainid B and resid 7) and (name C),(chainid B and resid 8) and (name N),117.4,188.5
(chainid B and resid 7) and (name C),(chainid B and resid 8) and (name N),(chainid B and resid 8) and (name CA),(chainid B and resid 8) and (name C),-161.5,-109.6
(chainid B and resid 8) and (name N),(chainid B and resid 8) and (name CA),(chainid B and resid 8) and (name C),(chainid B and resid 9) and (name N),104.9,159.9
(chainid B and resid 8) and (name C),(chainid B and resid 9) and (name N),(chainid B and resid 9) and (name CA),(chainid B and resid 9) and (name C),-110.9,-57.4
(chainid B and resid 9) and (name N),(chainid B and resid 9) and (name CA),(chainid B and resid 9) and (name C),(chainid B and resid 10) and (name N),96.6,136.6
(chainid B and resid 9) and (name C),(chainid B and resid 10) and (name N),(chainid B and resid 10) and (name CA),(chainid B and resid 10) and (name C),-120.7,-63.8
(chainid B and resid 10) and (name N),(chainid B and resid 10) and (name CA),(chainid B and resid 10) and (name C),(chainid B and resid 11) and (name N),-57.0,-11.4
(chainid B and resid 10) and (name C),(chainid B and resid 11) and (name N),(chainid B and resid 11) and (name CA),(chainid B and resid 11) and (name C),-183.9,-115.0
(chainid B and resid 11) and (name N),(chainid B and resid 11) and (name CA),(chainid B and resid 11) and (name C),(chainid B and resid 12) and (name N),116.4,161.5
(chainid B and resid 11) and (name C),(chainid B and resid 12) and (name N),(chainid B and resid 12) and (name CA),(chainid B and resid 12) and (name C),-140.9,-59.3
(chainid B and resid 12) and (name N),(chainid B and resid 12) and (name CA),(chainid B and resid 12) and (name C),(chainid B and resid 13) and (name N),92.2,170.9
(chainid B and resid 12) and (name C),(chainid B and resid 13) and (name N),(chainid B and resid 13) and (name CA),(chainid B and resid 13) and (name C),-120.3,-61.1
(chainid B and resid 13) and (name N),(chainid B and resid 13) and (name CA),(chainid B and resid 13) and (name C),(chainid B and resid 14) and (name N),-55.2,-7.7
(chainid B and resid 13) and (name C),(chainid B and resid 14) and (name N),(chainid B and resid 14) and (name CA),(chainid B and resid 14) and (name C),-218.6,-78.6
(chainid B and resid 14) and (name N),(chainid B and resid 14) and (name CA),(chainid B and resid 14) and (name C),(chainid B and resid 15) and (name N),111.7,164.5
(chainid B and resid 14) and (name C),(chainid B and resid 15) and (name N),(chainid B and resid 15) and (name CA),(chainid B and resid 15) and (name C),-130.5,-47.0
(chainid B and resid 15) and (name N),(chainid B and resid 15) and (name CA),(chainid B and resid 15) and (name C),(chainid B and resid 16) and (name N),103.3,147.3
(chainid B and resid 15) and (name C),(chainid B and resid 16) and (name N),(chainid B and resid 16) and (name CA),(chainid B and resid 16) and (name C),-116.2,-73.8
(chainid B and resid 16) and (name N),(chainid B and resid 16) and (name CA),(chainid B and resid 16) and (name C),(chainid B and resid 17) and (name N),-58.2,-15.4
(chainid B and resid 17) and (name C),(chainid B and resid 18) and (name N),(chainid B and resid 18) and (name CA),(chainid B and resid 18) and (name C),-157.1,-90.0
(chainid B and resid 18) and (name N),(chainid B and resid 18) and (name CA),(chainid B and resid 18) and (name C),(chainid B and resid 19) and (name N),107.3,147.3
(chainid B and resid 18) and (name C),(chainid B and resid 19) and (name N),(chainid B and resid 19) and (name CA),(chainid B and resid 19) and (name C),-108.1,-67.3
(chainid B and resid 19) and (name N),(chainid B and resid 19) and (name CA),(chainid B and resid 19) and (name C),(chainid B and resid 20) and (name N),124.0,217.9
(chainid B and resid 19) and (name C),(chainid B and resid 20) and (name N),(chainid B and resid 20) and (name CA),(chainid B and resid 20) and (name C),-85.1,-45.1
(chainid B and resid 20) and (name N),(chainid B and resid 20) and (name CA),(chainid B and resid 20) and (name C),(chainid B and resid 21) and (name N),-47.8,19.5
(chainid B and resid 20) and (name C),(chainid B and resid 21) and (name N),(chainid B and resid 21) and (name CA),(chainid B and resid 21) and (name C),-109.8,-63.5
(chainid B and resid 21) and (name N),(chainid B and resid 21) and (name CA),(chainid B and resid 21) and (name C),(chainid B and resid 22) and (name N),-22.5,17.5
(chainid B and resid 21) and (name C),(chainid B and resid 22) and (name N),(chainid B and resid 22) and (name CA),(chainid B and resid 22) and (name C),68.9,123.8
(chainid B and resid 22) and (name N),(chainid B and resid 22) and (name CA),(chainid B and resid 22) and (name C),(chainid B and resid 23) and (name N),-21.9,18.1
(chainid B and resid 22) and (name C),(chainid B and resid 23) and (name N),(chainid B and resid 23) and (name CA),(chainid B and resid 23) and (name C),-144.4,-4.4
(chainid B and resid 23) and (name N),(chainid B and resid 23) and (name CA),(chainid B and resid 23) and (name C),(chainid B and resid 24) and (name N),83.9,191.1
(chainid B and resid 23) and (name C),(chainid B and resid 24) and (name N),(chainid B and resid 24) and (name CA),(chainid B and resid 24) and (name C),-159.7,-78.5
(chainid B and resid 24) and (name N),(chainid B and resid 24) and (name CA),(chainid B and resid 24) and (name C),(chainid B and resid 25) and (name N),116.7,176.9
(chainid B and resid 24) and (name C),(chainid B and resid 25) and (name N),(chainid B and resid 25) and (name CA),(chainid B and resid 25) and (name C),-119.6,-79.6
(chainid B and resid 25) and (name N),(chainid B and resid 25) and (name CA),(chainid B and resid 25) and (name C),(chainid B and resid 26) and (name N),97.5,146.5
(chainid B and resid 25) and (name C),(chainid B and resid 26) and (name N),(chainid B and resid 26) and (name CA),(chainid B and resid 26) and (name C),-154.9,-93.9
(chainid B and resid 26) and (name N),(chainid B and resid 26) and (name CA),(chainid B and resid 26) and (name C),(chainid B and resid 27) and (name N),127.3,174.6
(chainid B and resid 26) and (name C),(chainid B and resid 27) and (name N),(chainid B and resid 27) and (name CA),(chainid B and resid 27) and (name C),-154.7,-88.7
(chainid B and resid 27) and (name N),(chainid B and resid 27) and (name CA),(chainid B and resid 27) and (name C),(chainid B and resid 28) and (name N),108.2,148.2
(chainid B and resid 27) and (name C),(chainid B and resid 28) and (name N),(chainid B and resid 28) and (name CA),(chainid B and resid 28) and (name C),-163.4,-84.2
(chainid B and resid 28) and (name N),(chainid B and resid 28) and (name CA),(chainid B and resid 28) and (name C),(chainid B and resid 29) and (name N),117.9,189.6
(chainid B and resid 28) and (name C),(chainid B and resid 29) and (name N),(chainid B and resid 29) and (name CA),(chainid B and resid 29) and (name C),-146.5,-71.4
(chainid B and resid 29) and (name N),(chainid B and resid 29) and (name CA),(chainid B and resid 29) and (name C),(chainid B and resid 30) and (name N),115.5,155.5
(chainid B and resid 29) and (name C),(chainid B and resid 30) and (name N),(chainid B and resid 30) and (name CA),(chainid B and resid 30) and (name C),-152.0,-112.0
(chainid B and resid 30) and (name N),(chainid B and resid 30) and (name CA),(chainid B and resid 30) and (name C),(chainid B and resid 31) and (name N),121.4,161.4
(chainid B and resid 30) and (name C),(chainid B and resid 31) and (name N),(chainid B and resid 31) and (name CA),(chainid B and resid 31) and (name C),-132.5,-65.4
(chainid B and resid 31) and (name N),(chainid B and resid 31) and (name CA),(chainid B and resid 31) and (name C),(chainid B and resid 32) and (name N),99.8,149.1
(chainid B and resid 31) and (name C),(chainid B and resid 32) and (name N),(chainid B and resid 32) and (name CA),(chainid B and resid 32) and (name C),-153.7,-76.1
(chainid B and resid 32) and (name N),(chainid B and resid 32) and (name CA),(chainid B and resid 32) and (name C),(chainid B and resid 33) and (name N),71.2,154.2
(chainid B and resid 35) and (name C),(chainid B and resid 36) and (name N),(chainid B and resid 36) and (name CA),(chainid B and resid 36) and (name C),-98.7,-49.8
(chainid B and resid 36) and (name N),(chainid B and resid 36) and (name CA),(chainid B and resid 36) and (name C),(chainid B and resid 37) and (name N),112.8,166.8
(chainid B and resid 37) and (name N),(chainid B and resid 37) and (name CA),(chainid B and resid 37) and (name C),(chainid B and resid 38) and (name N),119.9,172.6
(chainid B and resid 37) and (name C),(chainid B and resid 38) and (name N),(chainid B and resid 38) and (name CA),(chainid B and resid 38) and (name C),-150.2,-106.4
(chainid B and resid 38) and (name N),(chainid B and resid 38) and (name CA),(chainid B and resid 38) and (name C),(chainid B and resid 39) and (name N),134.9,174.9
(chainid B and resid 38) and (name C),(chainid B and resid 39) and (name N),(chainid B and resid 39) and (name CA),(chainid B and resid 39) and (name C),-97.9,-57.9
(chainid B and resid 39) and (name N),(chainid B and resid 39) and (name CA),(chainid B and resid 39) and (name C),(chainid B and resid 40) and (name N),106.5,167.9
(chainid B and resid 39) and (name C),(chainid B and resid 40) and (name N),(chainid B and resid 40) and (name CA),(chainid B and resid 40) and (name C),-169.0,-91.6
(chainid B and resid 40) and (name N),(chainid B and resid 40) and (name CA),(chainid B and resid 40) and (name C),(chainid B and resid 41) and (name N),90.2,184.2
(chainid B and resid 40) and (name C),(chainid B and resid 41) and (name N),(chainid B and resid 41) and (name CA),(chainid B and resid 41) and (name C),-155.4,-86.8
(chainid B and resid 41) and (name N),(chainid B and resid 41) and (name CA),(chainid B and resid 41) and (name C),(chainid B and resid 42) and (name N),95.4,167.5
(chainid B and resid 41) and (name C),(chainid B and resid 42) and (name N),(chainid B and resid 42) and (name CA),(chainid B and resid 42) and (name C),-182.8,-96.2
(chainid B and resid 42) and (name N),(chainid B and resid 42) and (name CA),(chainid B and resid 42) and (name C),(chainid B and resid 43) and (name N),131.2,182.9
(chainid B and resid 42) and (name C),(chainid B and resid 43) and (name N),(chainid B and resid 43) and (name CA),(chainid B and resid 43) and (name C),-161.3,-71.9
(chainid B and resid 43) and (name N),(chainid B and resid 43) and (name CA),(chainid B and resid 43) and (name C),(chainid B and resid 44) and (name N),116.7,165.8
(chainid B and resid 43) and (name C),(chainid B and resid 44) and (name N),(chainid B and resid 44) and (name CA),(chainid B and resid 44) and (name C),-160.2,-117.5
(chainid B and resid 44) and (name N),(chainid B and resid 44) and (name CA),(chainid B and resid 44) and (name C),(chainid B and resid 45) and (name N),134.8,179.8
(chainid B and resid 44) and (name C),(chainid B and resid 45) and (name N),(chainid B and resid 45) and (name CA),(chainid B and resid 45) and (name C),-118.8,-27.4
(chainid B and resid 45) and (name N),(chainid B and resid 45) and (name CA),(chainid B and resid 45) and (name C),(chainid B and resid 46) and (name N),119.5,173.6
(chainid B and resid 46) and (name N),(chainid B and resid 46) and (name CA),(chainid B and resid 46) and (name C),(chainid B and resid 47) and (name N),-46.4,1.7
(chainid B and resid 46) and (name C),(chainid B and resid 47) and (name N),(chainid B and resid 47) and (name CA),(chainid B and resid 47) and (name C),-117.4,-68.1
(chainid B and resid 47) and (name N),(chainid B and resid 47) and (name CA),(chainid B and resid 47) and (name C),(chainid B and resid 48) and (name N),-4.1,35.9
(chainid B and resid 47) and (name C),(chainid B and resid 48) and (name N),(chainid B and resid 48) and (name CA),(chainid B and resid 48) and (name C),41.3,81.3
(chainid B and resid 48) and (name N),(chainid B and resid 48) and (name CA),(chainid B and resid 48) and (name C),(chainid B and resid 49) and (name N),7.5,47.5
(chainid B and resid 49) and (name C),(chainid B and resid 50) and (name N),(chainid B and resid 50) and (name CA),(chainid B and resid 50) and (name C),-176.2,-75.4
(chainid B and resid 50) and (name N),(chainid B and resid 50) and (name CA),(chainid B and resid 50) and (name C),(chainid B and resid 51) and (name N),125.0,191.4
(chainid B and resid 50) and (name C),(chainid B and resid 51) and (name N),(chainid B and resid 51) and (name CA),(chainid B and resid 51) and (name C),-156.7,-78.1
(chainid B and resid 51) and (name N),(chainid B and resid 51) and (name CA),(chainid B and resid 51) and (name C),(chainid B and resid 52) and (name N),104.6,167.5
(chainid B and resid 51) and (name C),(chainid B and resid 52) and (name N),(chainid B and resid 52) and (name CA),(chainid B and resid 52) and (name C),58.1,198.1
(chainid B and resid 52) and (name N),(chainid B and resid 52) and (name CA),(chainid B and resid 52) and (name C),(chainid B and resid 53) and (name N),126.2,223.7
(chainid B and resid 52) and (name C),(chainid B and resid 53) and (name N),(chainid B and resid 53) and (name CA),(chainid B and resid 53) and (name C),-168.9,-28.9
(chainid B and resid 53) and (name N),(chainid B and resid 53) and (name CA),(chainid B and resid 53) and (name C),(chainid B and resid 54) and (name N),83.4,195.5
(chainid B and resid 54) and (name C),(chainid B and resid 55) and (name N),(chainid B and resid 55) and (name CA),(chainid B and resid 55) and (name C),-167.7,-96.7
(chainid B and resid 55) and (name N),(chainid B and resid 55) and (name CA),(chainid B and resid 55) and (name C),(chainid B and resid 56) and (name N),129.8,192.4
(chainid B and resid 55) and (name C),(chainid B and resid 56) and (name N),(chainid B and resid 56) and (name CA),(chainid B and resid 56) and (name C),-164.4,-89.4
(chainid B and resid 56) and (name N),(chainid B and resid 56) and (name CA),(chainid B and resid 56) and (name C),(chainid B and resid 57) and (name N),126.8,166.8
(chainid B and resid 56) and (name C),(chainid B and resid 57) and (name N),(chainid B and resid 57) and (name CA),(chainid B and resid 57) and (name C),-151.9,-98.9
(chainid B and resid 57) and (name N),(chainid B and resid 57) and (name CA),(chainid B and resid 57) and (name C),(chainid B and resid 58) and (name N),97.5,167.7
(chainid B and resid 57) and (name C),(chainid B and resid 58) and (name N),(chainid B and resid 58) and (name CA),(chainid B and resid 58) and (name C),-135.3,-38.2
(chainid B and resid 58) and (name N),(chainid B and resid 58) and (name CA),(chainid B and resid 58) and (name C),(chainid B and resid 59) and (name N),143.8,183.8
(chainid B and resid 58) and (name C),(chainid B and resid 59) and (name N),(chainid B and resid 59) and (name CA),(chainid B and resid 59) and (name C),-78.6,-38.6
(chainid B and resid 59) and (name N),(chainid B and resid 59) and (name CA),(chainid B and resid 59) and (name C),(chainid B and resid 60) and (name N),-58.8,-18.8
(chainid B and resid 59) and (name C),(chainid B and resid 60) and (name N),(chainid B and resid 60) and (name CA),(chainid B and resid 60) and (name C),-86.2,-46.2
(chainid B and resid 60) and (name N),(chainid B and resid 60) and (name CA),(chainid B and resid 60) and (name C),(chainid B and resid 61) and (name N),-61.2,-21.2
(chainid B and resid 60) and (name C),(chainid B and resid 61) and (name N),(chainid B and resid 61) and (name CA),(chainid B and resid 61) and (name C),-84.8,-44.8
(chainid B and resid 61) and (name N),(chainid B and resid 61) and (name CA),(chainid B and resid 61) and (name C),(chainid B and resid 62) and (name N),-60.9,-20.9
(chainid B and resid 61) and (name C),(chainid B and resid 62) and (name N),(chainid B and resid 62) and (name CA),(chainid B and resid 62) and (name C),-84.2,-44.2
(chainid B and resid 62) and (name N),(chainid B and resid 62) and (name CA),(chainid B and resid 62) and (name C),(chainid B and resid 63) and (name N),-60.4,-20.4
(chainid B and resid 62) and (name C),(chainid B and resid 63) and (name N),(chainid B and resid 63) and (name CA),(chainid B and resid 63) and (name C),-84.1,-44.1
(chainid B and resid 63) and (name N),(chainid B and resid 63) and (name CA),(chainid B and resid 63) and (name C),(chainid B and resid 64) and (name N),-60.2,-20.2
(chainid B and resid 63) and (name C),(chainid B and resid 64) and (name N),(chainid B and resid 64) and (name CA),(chainid B and resid 64) and (name C),-86.0,-46.0
(chainid B and resid 64) and (name N),(chainid B and resid 64) and (name CA),(chainid B and resid 64) and (name C),(chainid B and resid 65) and (name N),-60.7,-20.7
(chainid B and resid 64) and (name C),(chainid B and resid 65) and (name N),(chainid B and resid 65) and (name CA),(chainid B and resid 65) and (name C),-80.0,-40.0
(chainid B and resid 65) and (name N),(chainid B and resid 65) and (name CA),(chainid B and resid 65) and (name C),(chainid B and resid 66) and (name N),-69.4,-29.4
(chainid B and resid 65) and (name C),(chainid B and resid 66) and (name N),(chainid B and resid 66) and (name CA),(chainid B and resid 66) and (name C),-77.5,-37.5
(chainid B and resid 66) and (name N),(chainid B and resid 66) and (name CA),(chainid B and resid 66) and (name C),(chainid B and resid 67) and (name N),-59.3,-19.3
(chainid B and resid 66) and (name C),(chainid B and resid 67) and (name N),(chainid B and resid 67) and (name CA),(chainid B and resid 67) and (name C),-81.8,-41.8
(chainid B and resid 67) and (name N),(chainid B and resid 67) and (name CA),(chainid B and resid 67) and (name C),(chainid B and resid 68) and (name N),-61.5,-21.5
(chainid B and resid 67) and (name C),(chainid B and resid 68) and (name N),(chainid B and resid 68) and (name CA),(chainid B and resid 68) and (name C),-85.1,-45.1
(chainid B and resid 68) and (name N),(chainid B and resid 68) and (name CA),(chainid B and resid 68) and (name C),(chainid B and resid 69) and (name N),-59.1,-15.3
(chainid B and resid 68) and (name C),(chainid B and resid 69) and (name N),(chainid B and resid 69) and (name CA),(chainid B and resid 69) and (name C),-87.2,-47.2
(chainid B and resid 69) and (name N),(chainid B and resid 69) and (name CA),(chainid B and resid 69) and (name C),(chainid B and resid 70) and (name N),-62.0,-8.4
(chainid B and resid 69) and (name C),(chainid B and resid 70) and (name N),(chainid B and resid 70) and (name CA),(chainid B and resid 70) and (name C),-87.1,-47.1
(chainid B and resid 70) and (name N),(chainid B and resid 70) and (name CA),(chainid B and resid 70) and (name C),(chainid B and resid 71) and (name N),-47.3,-7.3
(chainid B and resid 70) and (name C),(chainid B and resid 71) and (name N),(chainid B and resid 71) and (name CA),(chainid B and resid 71) and (name C),-83.0,-43.0
(chainid B and resid 71) and (name N),(chainid B and resid 71) and (name CA),(chainid B and resid 71) and (name C),(chainid B and resid 72) and (name N),-61.3,-21.3
(chainid B and resid 71) and (name C),(chainid B and resid 72) and (name N),(chainid B and resid 72) and (name CA),(chainid B and resid 72) and (name C),-90.1,-45.4
(chainid B and resid 72) and (name N),(chainid B and resid 72) and (name CA),(chainid B and resid 72) and (name C),(chainid B and resid 73) and (name N),-69.3,17.3
(chainid B and resid 72) and (name C),(chainid B and resid 73) and (name N),(chainid B and resid 73) and (name CA),(chainid B and resid 73) and (name C),-121.3,-35.5
(chainid B and resid 73) and (name N),(chainid B and resid 73) and (name CA),(chainid B and resid 73) and (name C),(chainid B and resid 74) and (name N),-83.0,23.8
(chainid B and resid 73) and (name C),(chainid B and resid 74) and (name N),(chainid B and resid 74) and (name CA),(chainid B and resid 74) and (name C),-122.6,-28.9
(chainid B and resid 74) and (name N),(chainid B and resid 74) and (name CA),(chainid B and resid 74) and (name C),(chainid B and resid 75) and (name N),-78.0,20.0
