group0,group1,avg_dist,min_dist,max_dist
(segid A and resid 33) and (name HB),(segid A and resid 35) and (name H),.,.,5.33
(segid A and resid 29) and (name HA),(segid A and resid 36) and (name HB3),.,.,4.81
(segid A and resid 27) and (name HE*),(segid A and resid 36) and (name HB2),.,.,4.42
(segid A and resid 36) and (name HB3),(segid A and resid 27) and (name HE*),.,.,4.65
(segid A and resid 36) and (name HB2),(segid A and resid 27) and (name HD*),.,.,4.30
(segid A and resid 36) and (name HB2),(segid A and resid 29) and (name HD*),.,.,4.46
(segid A and resid 36) and (name HB2),(segid A and resid 29) and (name HE*),.,.,5.08
(segid A and resid 36) and (name HB3),(segid A and resid 37) and (name H),.,.,4.45
(segid A and resid 36) and (name HB2),(segid A and resid 37) and (name HA),.,.,5.34
(segid A and resid 36) and (name HB3),(segid A and resid 37) and (name HA),.,.,5.50
(segid A and resid 36) and (name HB2),(segid A and resid 29) and (name HB2),.,.,5.06
(segid A and resid 36) and (name HB3),(segid A and resid 29) and (name HB2),.,.,5.13
(segid A and resid 24) and (name HA3),(segid A and resid 23) and (name HB2),.,.,5.24
(segid A and resid 24) and (name HA3),(segid A and resid 23) and (name HB3),.,.,5.24
(segid A and resid 25) and (name H),(segid A and resid 23) and (name HB2),.,.,5.25
(segid A and resid 25) and (name H),(segid A and resid 23) and (name HB3),.,.,5.25
(segid A and resid 12) and (name HA),(segid A and resid 13) and (name HA),.,.,4.40
(segid A and resid 13) and (name HA),(segid A and resid 14) and (name HA3),.,.,5.21
(segid A and resid 43) and (name H),(segid A and resid 42) and (name HB2),.,.,5.02
(segid A and resid 43) and (name H),(segid A and resid 42) and (name HB3),.,.,5.02
(segid A and resid 33) and (name HB),(segid A and resid 32) and (name HA),.,.,5.50
(segid A and resid 32) and (name HA),(segid A and resid 32) and (name HG13),.,.,4.00
(segid A and resid 32) and (name HA),(segid A and resid 32) and (name HG12),.,.,3.70
(segid A and resid 32) and (name HA),(segid A and resid 32) and (name CG* or (name HG*)),.,.,3.22
(segid A and resid 41) and (name HA),(segid A and resid 42) and (name HA),.,.,4.66
(segid A and resid 22) and (name HA),(segid A and resid 22) and (name HB2),.,.,2.99
(segid A and resid 22) and (name HA),(segid A and resid 22) and (name HB3),.,.,2.99
(segid A and resid 33) and (name HB),(segid A and resid 33) and (name HA),.,.,3.02
(segid A and resid 32) and (name HA),(segid A and resid 33) and (name HA),.,.,4.86
(segid A and resid 35) and (name H),(segid A and resid 33) and (name HA),.,.,5.45
(segid A and resid 32) and (name CG* or (name HG*)),(segid A and resid 33) and (name HA),.,.,4.23
(segid A and resid 33) and (name HA),(segid A and resid 33) and (name CG* or (name HG*)),.,.,3.35
(segid A and resid 33) and (name HA),(segid A and resid 32) and (name HB),.,.,5.02
(segid A and resid 32) and (name HB),(segid A and resid 32) and (name CD* or (name HD*)),.,.,3.68
(segid A and resid 32) and (name HA),(segid A and resid 32) and (name CD* or (name HD*)),.,.,3.95
(segid A and resid 32) and (name CD* or (name HD*)),(segid A and resid 15) and (name HD1),.,.,5.50
(segid A and resid 32) and (name CD* or (name HD*)),(segid A and resid 31) and (name HD2),.,.,5.50
(segid A and resid 32) and (name HG13),(segid A and resid 32) and (name CG* or (name HG*)),.,.,3.75
(segid A and resid 33) and (name CG* or (name HG*)),(segid A and resid 35) and (name CB* or (name HB*)),.,.,3.86
(segid A and resid 32) and (name CG* or (name HG*)),(segid A and resid 35) and (name CB* or (name HB*)),.,.,5.50
(segid A and resid 35) and (name CB* or (name HB*)),(segid A and resid 30) and (name HB3),.,.,3.94
(segid A and resid 33) and (name HB),(segid A and resid 35) and (name CB* or (name HB*)),.,.,4.45
(segid A and resid 33) and (name HA),(segid A and resid 35) and (name CB* or (name HB*)),.,.,5.50
(segid A and resid 35) and (name CB* or (name HB*)),(segid A and resid 15) and (name HH2),.,.,3.94
(segid A and resid 35) and (name CB* or (name HB*)),(segid A and resid 15) and (name HZ3),.,.,4.78
(segid A and resid 35) and (name CB* or (name HB*)),(segid A and resid 15) and (name HZ2),.,.,4.90
(segid A and resid 35) and (name CB* or (name HB*)),(segid A and resid 30) and (name HB2),.,.,4.22
(segid A and resid 26) and (name CG2* or (name HG2*)),(segid A and resid 19) and (name HB2),.,.,4.36
(segid A and resid 19) and (name HB3),(segid A and resid 26) and (name CG2* or (name HG2*)),.,.,4.36
(segid A and resid 26) and (name CG2* or (name HG2*)),(segid A and resid 25) and (name HG2),.,.,4.39
(segid A and resid 26) and (name CG2* or (name HG2*)),(segid A and resid 25) and (name HG3),.,.,4.39
(segid A and resid 26) and (name CG2* or (name HG2*)),(segid A and resid 17) and (name HE2),.,.,3.88
(segid A and resid 26) and (name CG2* or (name HG2*)),(segid A and resid 17) and (name HE3),.,.,3.88
(segid A and resid 26) and (name CG2* or (name HG2*)),(segid A and resid 19) and (name HG3),.,.,4.53
(segid A and resid 26) and (name CG2* or (name HG2*)),(segid A and resid 25) and (name HA),.,.,4.36
(segid A and resid 26) and (name CG2* or (name HG2*)),(segid A and resid 27) and (name H),.,.,4.36
(segid A and resid 32) and (name CG* or (name HG*)),(segid A and resid 33) and (name CG* or (name HG*)),.,.,3.53
(segid A and resid 33) and (name CG* or (name HG*)),(segid A and resid 30) and (name HB3),.,.,3.71
(segid A and resid 26) and (name CG1* or (name HG1*)),(segid A and resid 17) and (name HG2),.,.,3.14
(segid A and resid 17) and (name HG3),(segid A and resid 26) and (name CG1* or (name HG1*)),.,.,3.14
(segid A and resid 26) and (name CG1* or (name HG1*)),(segid A and resid 18) and (name HB2),.,.,5.25
(segid A and resid 26) and (name CG1* or (name HG1*)),(segid A and resid 17) and (name HD2),.,.,3.96
(segid A and resid 26) and (name CG1* or (name HG1*)),(segid A and resid 17) and (name HD3),.,.,3.96
(segid A and resid 26) and (name CG1* or (name HG1*)),(segid A and resid 17) and (name HA),.,.,5.00
(segid A and resid 26) and (name CG1* or (name HG1*)),(segid A and resid 18) and (name HA),.,.,5.48
(segid A and resid 25) and (name HA),(segid A and resid 26) and (name CG1* or (name HG1*)),.,.,5.47
(segid A and resid 26) and (name CG1* or (name HG1*)),(segid A and resid 27) and (name HA),.,.,4.43
(segid A and resid 26) and (name CG1* or (name HG1*)),(segid A and resid 28) and (name HE*),.,.,4.16
(segid A and resid 12) and (name HA),(segid A and resid 13) and (name HG3),.,.,4.73
(segid A and resid 12) and (name HA),(segid A and resid 13) and (name HG2),.,.,5.17
(segid A and resid 12) and (name HG2),(segid A and resid 41) and (name HB3),.,.,4.80
(segid A and resid 15) and (name HZ2),(segid A and resid 41) and (name HB2),.,.,4.72
(segid A and resid 29) and (name HB2),(segid A and resid 18) and (name HB2),.,.,5.12
(segid A and resid 27) and (name HE*),(segid A and resid 18) and (name HB2),.,.,4.77
(segid A and resid 27) and (name HD*),(segid A and resid 20) and (name HG2),.,.,5.19
(segid A and resid 27) and (name HD*),(segid A and resid 20) and (name HG3),.,.,5.19
(segid A and resid 33) and (name H),(segid A and resid 34) and (name HB3),.,.,5.50
(segid A and resid 17) and (name HB3),(segid A and resid 17) and (name HE2),.,.,4.79
(segid A and resid 17) and (name HE3),(segid A and resid 17) and (name HB3),.,.,4.79
(segid A and resid 17) and (name HB2),(segid A and resid 17) and (name HE2),.,.,4.81
(segid A and resid 17) and (name HE3),(segid A and resid 17) and (name HB2),.,.,4.81
(segid A and resid 17) and (name HB3),(segid A and resid 16) and (name HA),.,.,5.08
(segid A and resid 17) and (name HB2),(segid A and resid 16) and (name HA),.,.,5.25
(segid A and resid 28) and (name HE*),(segid A and resid 17) and (name HB3),.,.,5.32
(segid A and resid 17) and (name HB2),(segid A and resid 28) and (name HD*),.,.,5.16
(segid A and resid 28) and (name HE*),(segid A and resid 17) and (name HB2),.,.,4.56
(segid A and resid 17) and (name HB2),(segid A and resid 11) and (name CD2* or (name HD2*)),.,.,4.88
(segid A and resid 17) and (name HB3),(segid A and resid 11) and (name CD2* or (name HD2*)),.,.,5.06
(segid A and resid 29) and (name HD*),(segid A and resid 16) and (name HG2),.,.,5.50
(segid A and resid 16) and (name HG2),(segid A and resid 17) and (name H),.,.,4.76
(segid A and resid 16) and (name HG2),(segid A and resid 11) and (name HB3),.,.,5.50
(segid A and resid 11) and (name HB2),(segid A and resid 15) and (name HB2),.,.,4.46
(segid A and resid 11) and (name HB2),(segid A and resid 12) and (name HD3),.,.,5.05
(segid A and resid 12) and (name HG2),(segid A and resid 11) and (name HB3),.,.,4.35
(segid A and resid 11) and (name HB3),(segid A and resid 15) and (name HB2),.,.,3.97
(segid A and resid 16) and (name HG3),(segid A and resid 29) and (name HB3),.,.,5.32
(segid A and resid 29) and (name HB3),(segid A and resid 16) and (name HB2),.,.,4.56
(segid A and resid 29) and (name HB3),(segid A and resid 16) and (name HB3),.,.,4.56
(segid A and resid 27) and (name HE*),(segid A and resid 29) and (name HB2),.,.,3.83
(segid A and resid 29) and (name HB2),(segid A and resid 29) and (name H),.,.,4.11
(segid A and resid 29) and (name HB2),(segid A and resid 16) and (name HB2),.,.,4.91
(segid A and resid 29) and (name HB2),(segid A and resid 16) and (name HB3),.,.,4.91
(segid A and resid 13) and (name HA),(segid A and resid 14) and (name HA2),.,.,4.91
(segid A and resid 31) and (name HD2),(segid A and resid 14) and (name HA2),.,.,4.88
(segid A and resid 32) and (name HG13),(segid A and resid 14) and (name HA2),.,.,4.53
(segid A and resid 32) and (name HG12),(segid A and resid 14) and (name HA2),.,.,4.97
(segid A and resid 32) and (name CD* or (name HD*)),(segid A and resid 14) and (name HA2),.,.,4.20
(segid A and resid 14) and (name HA3),(segid A and resid 32) and (name HB),.,.,5.16
(segid A and resid 14) and (name HA3),(segid A and resid 32) and (name HG13),.,.,4.52
(segid A and resid 14) and (name HA3),(segid A and resid 32) and (name CD* or (name HD*)),.,.,4.04
(segid A and resid 14) and (name HA3),(segid A and resid 15) and (name HD1),.,.,5.23
(segid A and resid 14) and (name HA3),(segid A and resid 31) and (name HD2),.,.,5.50
(segid A and resid 14) and (name HA3),(segid A and resid 31) and (name H),.,.,5.32
(segid A and resid 11) and (name CD1* or (name HD1*)),(segid A and resid 40) and (name HG2),.,.,3.56
(segid A and resid 11) and (name HB3),(segid A and resid 11) and (name CD1* or (name HD1*)),.,.,3.51
(segid A and resid 11) and (name CD2* or (name HD2*)),(segid A and resid 11) and (name HB2),.,.,3.21
(segid A and resid 11) and (name CD2* or (name HD2*)),(segid A and resid 17) and (name HD2),.,.,4.87
(segid A and resid 17) and (name HD3),(segid A and resid 11) and (name CD2* or (name HD2*)),.,.,4.87
(segid A and resid 11) and (name CD1* or (name HD1*)),(segid A and resid 41) and (name HD3),.,.,4.28
(segid A and resid 11) and (name CD1* or (name HD1*)),(segid A and resid 41) and (name HD2),.,.,3.59
(segid A and resid 12) and (name HD3),(segid A and resid 11) and (name CD1* or (name HD1*)),.,.,3.74
(segid A and resid 15) and (name HB2),(segid A and resid 11) and (name CD1* or (name HD1*)),.,.,4.62
(segid A and resid 16) and (name HA),(segid A and resid 11) and (name CD2* or (name HD2*)),.,.,4.68
(segid A and resid 16) and (name HA),(segid A and resid 11) and (name CD1* or (name HD1*)),.,.,5.50
(segid A and resid 11) and (name CD1* or (name HD1*)),(segid A and resid 11) and (name HA),.,.,3.14
(segid A and resid 28) and (name HD*),(segid A and resid 11) and (name CD1* or (name HD1*)),.,.,4.00
(segid A and resid 28) and (name HD*),(segid A and resid 11) and (name CD2* or (name HD2*)),.,.,4.38
(segid A and resid 28) and (name HE*),(segid A and resid 11) and (name CD2* or (name HD2*)),.,.,3.47
(segid A and resid 11) and (name CD1* or (name HD1*)),(segid A and resid 41) and (name HG3),.,.,4.29
(segid A and resid 11) and (name H),(segid A and resid 10) and (name HG2),.,.,5.30
(segid A and resid 10) and (name HG3),(segid A and resid 11) and (name H),.,.,5.30
(segid A and resid 28) and (name HE*),(segid A and resid 17) and (name HG2),.,.,4.47
(segid A and resid 17) and (name HG3),(segid A and resid 28) and (name HE*),.,.,4.47
(segid A and resid 17) and (name H),(segid A and resid 17) and (name HG2),.,.,4.76
(segid A and resid 17) and (name HG3),(segid A and resid 17) and (name H),.,.,4.76
(segid A and resid 11) and (name CD1* or (name HD1*)),(segid A and resid 41) and (name HG2),.,.,3.53
(segid A and resid 41) and (name HG2),(segid A and resid 12) and (name HB3),.,.,5.50
(segid A and resid 12) and (name HG2),(segid A and resid 41) and (name HG2),.,.,5.02
(segid A and resid 41) and (name HG3),(segid A and resid 15) and (name HB3),.,.,4.54
(segid A and resid 41) and (name HG3),(segid A and resid 28) and (name HB3),.,.,4.83
(segid A and resid 41) and (name HG3),(segid A and resid 28) and (name HB2),.,.,4.78
(segid A and resid 41) and (name HG3),(segid A and resid 15) and (name HE3),.,.,4.79
(segid A and resid 17) and (name HB2),(segid A and resid 11) and (name HG),.,.,3.97
(segid A and resid 15) and (name HB2),(segid A and resid 11) and (name HG),.,.,4.40
(segid A and resid 15) and (name HB3),(segid A and resid 11) and (name HG),.,.,3.98
(segid A and resid 16) and (name HA),(segid A and resid 11) and (name HG),.,.,3.82
(segid A and resid 17) and (name HA),(segid A and resid 11) and (name HG),.,.,4.93
(segid A and resid 28) and (name HD*),(segid A and resid 11) and (name HG),.,.,3.75
(segid A and resid 28) and (name HE*),(segid A and resid 11) and (name HG),.,.,3.89
(segid A and resid 11) and (name HB2),(segid A and resid 11) and (name HG),.,.,2.87
(segid A and resid 15) and (name HE3),(segid A and resid 11) and (name HG),.,.,5.25
(segid A and resid 11) and (name CD1* or (name HD1*)),(segid A and resid 40) and (name HG3),.,.,4.40
(segid A and resid 41) and (name HD2),(segid A and resid 40) and (name HG3),.,.,4.37
(segid A and resid 41) and (name HD3),(segid A and resid 40) and (name HG3),.,.,5.08
(segid A and resid 40) and (name HG2),(segid A and resid 41) and (name HD3),.,.,4.81
(segid A and resid 28) and (name HE*),(segid A and resid 40) and (name HG3),.,.,5.27
(segid A and resid 28) and (name HE*),(segid A and resid 40) and (name HG2),.,.,4.69
(segid A and resid 11) and (name HA),(segid A and resid 12) and (name HG3),.,.,4.91
(segid A and resid 25) and (name H),(segid A and resid 25) and (name HG2),.,.,4.56
(segid A and resid 25) and (name H),(segid A and resid 25) and (name HG3),.,.,4.56
(segid A and resid 19) and (name H),(segid A and resid 18) and (name HG2),.,.,5.15
(segid A and resid 32) and (name HG13),(segid A and resid 31) and (name HD2),.,.,5.35
(segid A and resid 32) and (name HG13),(segid A and resid 15) and (name H),.,.,5.50
(segid A and resid 27) and (name HE*),(segid A and resid 18) and (name HG3),.,.,5.40
(segid A and resid 27) and (name HE*),(segid A and resid 18) and (name HG2),.,.,5.40
(segid A and resid 19) and (name H),(segid A and resid 18) and (name HG3),.,.,5.15
(segid A and resid 14) and (name HA3),(segid A and resid 32) and (name HG12),.,.,5.21
(segid A and resid 10) and (name HD3),(segid A and resid 10) and (name HG2),.,.,2.52
(segid A and resid 10) and (name HD2),(segid A and resid 10) and (name HG2),.,.,2.52
(segid A and resid 10) and (name HG3),(segid A and resid 10) and (name HD2),.,.,2.52
(segid A and resid 10) and (name HG3),(segid A and resid 10) and (name HD3),.,.,2.52
(segid A and resid 10) and (name HA),(segid A and resid 10) and (name HD2),.,.,4.58
(segid A and resid 10) and (name HD3),(segid A and resid 10) and (name HA),.,.,4.58
(segid A and resid 11) and (name CD1* or (name HD1*)),(segid A and resid 40) and (name HB2),.,.,4.77
(segid A and resid 11) and (name CD1* or (name HD1*)),(segid A and resid 40) and (name HB3),.,.,4.77
(segid A and resid 28) and (name HD*),(segid A and resid 40) and (name HB2),.,.,5.50
(segid A and resid 28) and (name HD*),(segid A and resid 40) and (name HB3),.,.,5.50
(segid A and resid 28) and (name HE*),(segid A and resid 40) and (name HB2),.,.,4.43
(segid A and resid 28) and (name HE*),(segid A and resid 40) and (name HB3),.,.,4.43
(segid A and resid 27) and (name HE*),(segid A and resid 20) and (name HB2),.,.,5.33
(segid A and resid 15) and (name HD1),(segid A and resid 12) and (name HB3),.,.,4.59
(segid A and resid 27) and (name HD*),(segid A and resid 20) and (name HB2),.,.,5.06
(segid A and resid 20) and (name HB2),(segid A and resid 38) and (name HZ3),.,.,5.50
(segid A and resid 37) and (name HB3),(segid A and resid 38) and (name HD1),.,.,4.76
(segid A and resid 27) and (name HA),(segid A and resid 38) and (name HB3),.,.,5.37
(segid A and resid 15) and (name HB2),(segid A and resid 12) and (name HD2),.,.,5.34
(segid A and resid 28) and (name HD*),(segid A and resid 15) and (name HB3),.,.,5.50
(segid A and resid 15) and (name HB3),(segid A and resid 15) and (name HE3),.,.,3.85
(segid A and resid 15) and (name HB2),(segid A and resid 12) and (name HG3),.,.,5.18
(segid A and resid 11) and (name HB2),(segid A and resid 15) and (name HB3),.,.,4.71
(segid A and resid 11) and (name HB3),(segid A and resid 15) and (name HB3),.,.,4.31
(segid A and resid 15) and (name HB2),(segid A and resid 41) and (name HG2),.,.,5.26
(segid A and resid 41) and (name HG2),(segid A and resid 15) and (name HB3),.,.,4.99
(segid A and resid 11) and (name CD1* or (name HD1*)),(segid A and resid 15) and (name HB3),.,.,5.06
(segid A and resid 31) and (name HD2),(segid A and resid 16) and (name HB2),.,.,5.13
(segid A and resid 31) and (name HD2),(segid A and resid 16) and (name HB3),.,.,5.13
(segid A and resid 17) and (name HB3),(segid A and resid 16) and (name HB2),.,.,5.14
(segid A and resid 17) and (name HB3),(segid A and resid 16) and (name HB3),.,.,5.14
(segid A and resid 11) and (name HG),(segid A and resid 16) and (name HB2),.,.,5.35
(segid A and resid 16) and (name HB3),(segid A and resid 11) and (name HG),.,.,5.35
(segid A and resid 18) and (name HB3),(segid A and resid 19) and (name HB2),.,.,5.19
(segid A and resid 19) and (name HB3),(segid A and resid 18) and (name HB3),.,.,5.19
(segid A and resid 26) and (name CG1* or (name HG1*)),(segid A and resid 19) and (name HB2),.,.,4.92
(segid A and resid 19) and (name HB3),(segid A and resid 26) and (name CG1* or (name HG1*)),.,.,4.92
(segid A and resid 27) and (name HE*),(segid A and resid 18) and (name HB3),.,.,4.98
(segid A and resid 33) and (name CG* or (name HG*)),(segid A and resid 30) and (name HB2),.,.,5.43
(segid A and resid 30) and (name HB2),(segid A and resid 15) and (name HE3),.,.,5.03
(segid A and resid 15) and (name HZ2),(segid A and resid 30) and (name HB2),.,.,5.46
(segid A and resid 15) and (name HH2),(segid A and resid 30) and (name HB2),.,.,5.04
(segid A and resid 15) and (name HZ3),(segid A and resid 30) and (name HB2),.,.,4.99
(segid A and resid 27) and (name HB3),(segid A and resid 38) and (name HA),.,.,4.89
(segid A and resid 38) and (name HZ3),(segid A and resid 27) and (name HB3),.,.,4.18
(segid A and resid 27) and (name HB3),(segid A and resid 38) and (name HE3),.,.,4.29
(segid A and resid 38) and (name HE3),(segid A and resid 27) and (name HB2),.,.,4.84
(segid A and resid 27) and (name HA),(segid A and resid 28) and (name HB2),.,.,5.50
(segid A and resid 37) and (name HA),(segid A and resid 28) and (name HB2),.,.,5.50
(segid A and resid 15) and (name HZ3),(segid A and resid 28) and (name HB2),.,.,4.66
(segid A and resid 28) and (name HB2),(segid A and resid 15) and (name HE3),.,.,4.43
(segid A and resid 29) and (name H),(segid A and resid 28) and (name HB2),.,.,5.24
(segid A and resid 41) and (name HD3),(segid A and resid 28) and (name HB3),.,.,4.38
(segid A and resid 17) and (name HA),(segid A and resid 28) and (name HB3),.,.,5.03
(segid A and resid 15) and (name HZ3),(segid A and resid 28) and (name HB3),.,.,4.66
(segid A and resid 28) and (name HB3),(segid A and resid 15) and (name HE3),.,.,3.78
(segid A and resid 28) and (name HB2),(segid A and resid 37) and (name HB2),.,.,4.45
(segid A and resid 41) and (name HD3),(segid A and resid 28) and (name HB2),.,.,4.26
(segid A and resid 17) and (name HE2),(segid A and resid 17) and (name HG2),.,.,3.33
(segid A and resid 17) and (name HE3),(segid A and resid 17) and (name HG2),.,.,3.33
(segid A and resid 17) and (name HG3),(segid A and resid 17) and (name HE2),.,.,3.33
(segid A and resid 17) and (name HE3),(segid A and resid 17) and (name HG3),.,.,3.33
(segid A and resid 26) and (name CG1* or (name HG1*)),(segid A and resid 17) and (name HE2),.,.,3.66
(segid A and resid 17) and (name HE3),(segid A and resid 26) and (name CG1* or (name HG1*)),.,.,3.66
(segid A and resid 28) and (name HE*),(segid A and resid 17) and (name HE2),.,.,4.69
(segid A and resid 17) and (name HE3),(segid A and resid 28) and (name HE*),.,.,4.69
(segid A and resid 9) and (name HG2),(segid A and resid 10) and (name HE2),.,.,5.50
(segid A and resid 10) and (name HE3),(segid A and resid 9) and (name HG2),.,.,5.50
(segid A and resid 9) and (name HG3),(segid A and resid 10) and (name HE3),.,.,5.50
(segid A and resid 9) and (name HG3),(segid A and resid 10) and (name HE2),.,.,5.50
(segid A and resid 10) and (name HE2),(segid A and resid 10) and (name HG2),.,.,3.96
(segid A and resid 10) and (name HE3),(segid A and resid 10) and (name HG2),.,.,3.96
(segid A and resid 10) and (name HG3),(segid A and resid 10) and (name HE2),.,.,3.96
(segid A and resid 10) and (name HG3),(segid A and resid 10) and (name HE3),.,.,3.96
(segid A and resid 21) and (name HB2),(segid A and resid 21) and (name HD2),.,.,3.92
(segid A and resid 21) and (name HB3),(segid A and resid 21) and (name HD2),.,.,3.92
(segid A and resid 21) and (name HD3),(segid A and resid 21) and (name HB2),.,.,3.92
(segid A and resid 21) and (name HB3),(segid A and resid 21) and (name HD3),.,.,3.92
(segid A and resid 40) and (name HA),(segid A and resid 40) and (name HD2),.,.,4.59
(segid A and resid 40) and (name HA),(segid A and resid 40) and (name HD3),.,.,4.59
(segid A and resid 40) and (name HB3),(segid A and resid 40) and (name HD2),.,.,3.47
(segid A and resid 40) and (name HD3),(segid A and resid 40) and (name HB2),.,.,3.47
(segid A and resid 40) and (name HB3),(segid A and resid 40) and (name HD3),.,.,3.47
(segid A and resid 40) and (name HB2),(segid A and resid 40) and (name HD2),.,.,3.47
(segid A and resid 11) and (name CD1* or (name HD1*)),(segid A and resid 40) and (name HD2),.,.,5.35
(segid A and resid 11) and (name CD1* or (name HD1*)),(segid A and resid 40) and (name HD3),.,.,5.35
(segid A and resid 11) and (name CD2* or (name HD2*)),(segid A and resid 40) and (name HD2),.,.,5.50
(segid A and resid 11) and (name CD2* or (name HD2*)),(segid A and resid 40) and (name HD3),.,.,5.50
(segid A and resid 25) and (name HA),(segid A and resid 25) and (name HD2),.,.,5.34
(segid A and resid 25) and (name HB2),(segid A and resid 25) and (name HD2),.,.,4.11
(segid A and resid 18) and (name HB2),(segid A and resid 18) and (name HD2),.,.,4.22
(segid A and resid 25) and (name HB2),(segid A and resid 25) and (name HD3),.,.,4.11
(segid A and resid 18) and (name HB2),(segid A and resid 18) and (name HD3),.,.,4.22
(segid A and resid 18) and (name HA),(segid A and resid 18) and (name HD3),.,.,5.00
(segid A and resid 25) and (name HA),(segid A and resid 25) and (name HD3),.,.,5.34
(segid A and resid 24) and (name HA2),(segid A and resid 19) and (name HB2),.,.,5.45
(segid A and resid 19) and (name HB3),(segid A and resid 24) and (name HA2),.,.,5.45
(segid A and resid 25) and (name HB2),(segid A and resid 24) and (name HA2),.,.,5.50
(segid A and resid 24) and (name HA2),(segid A and resid 25) and (name HB3),.,.,5.45
(segid A and resid 19) and (name HG3),(segid A and resid 24) and (name HA2),.,.,4.92
(segid A and resid 24) and (name HA3),(segid A and resid 25) and (name HB2),.,.,5.33
(segid A and resid 12) and (name HG2),(segid A and resid 43) and (name HA2),.,.,4.51
(segid A and resid 12) and (name HG2),(segid A and resid 43) and (name HA3),.,.,4.51
(segid A and resid 12) and (name HG3),(segid A and resid 43) and (name HA2),.,.,4.55
(segid A and resid 12) and (name HG3),(segid A and resid 43) and (name HA3),.,.,4.55
(segid A and resid 12) and (name HB2),(segid A and resid 43) and (name HA2),.,.,4.71
(segid A and resid 43) and (name HA3),(segid A and resid 12) and (name HB2),.,.,4.71
(segid A and resid 12) and (name HB3),(segid A and resid 43) and (name HA2),.,.,4.37
(segid A and resid 12) and (name HB3),(segid A and resid 43) and (name HA3),.,.,4.37
(segid A and resid 30) and (name HA),(segid A and resid 31) and (name HA),.,.,4.65
(segid A and resid 15) and (name HB2),(segid A and resid 30) and (name HA),.,.,5.48
(segid A and resid 30) and (name HA),(segid A and resid 31) and (name HB3),.,.,5.50
(segid A and resid 15) and (name HB3),(segid A and resid 30) and (name HA),.,.,4.99
(segid A and resid 15) and (name HD1),(segid A and resid 30) and (name HA),.,.,5.50
(segid A and resid 15) and (name H),(segid A and resid 30) and (name HA),.,.,4.93
(segid A and resid 15) and (name HE3),(segid A and resid 30) and (name HA),.,.,5.18
(segid A and resid 31) and (name HD2),(segid A and resid 30) and (name HA),.,.,5.30
(segid A and resid 12) and (name HB3),(segid A and resid 13) and (name HD2),.,.,4.06
(segid A and resid 12) and (name HB3),(segid A and resid 13) and (name HD3),.,.,3.80
(segid A and resid 12) and (name HB2),(segid A and resid 13) and (name HD2),.,.,3.61
(segid A and resid 12) and (name HG3),(segid A and resid 13) and (name HD2),.,.,4.75
(segid A and resid 12) and (name HA),(segid A and resid 13) and (name HD2),.,.,3.11
(segid A and resid 12) and (name HA),(segid A and resid 13) and (name HD3),.,.,3.57
(segid A and resid 13) and (name HD2),(segid A and resid 14) and (name H),.,.,5.50
(segid A and resid 11) and (name HB3),(segid A and resid 12) and (name HD2),.,.,3.87
(segid A and resid 11) and (name HG),(segid A and resid 12) and (name HD2),.,.,4.40
(segid A and resid 11) and (name CD1* or (name HD1*)),(segid A and resid 12) and (name HD2),.,.,3.79
(segid A and resid 41) and (name HB2),(segid A and resid 12) and (name HD2),.,.,4.55
(segid A and resid 41) and (name HG2),(segid A and resid 12) and (name HD2),.,.,4.57
(segid A and resid 41) and (name HG3),(segid A and resid 12) and (name HD2),.,.,4.91
(segid A and resid 11) and (name HA),(segid A and resid 12) and (name HD2),.,.,3.01
(segid A and resid 15) and (name HD1),(segid A and resid 12) and (name HD2),.,.,4.44
(segid A and resid 15) and (name HB2),(segid A and resid 12) and (name HD3),.,.,4.40
(segid A and resid 11) and (name HB3),(segid A and resid 12) and (name HD3),.,.,3.71
(segid A and resid 41) and (name HB2),(segid A and resid 12) and (name HD3),.,.,4.91
(segid A and resid 12) and (name HD3),(segid A and resid 41) and (name HG2),.,.,4.24
(segid A and resid 12) and (name HD3),(segid A and resid 11) and (name HG),.,.,5.10
(segid A and resid 12) and (name HD3),(segid A and resid 41) and (name HG3),.,.,4.76
(segid A and resid 15) and (name HD1),(segid A and resid 12) and (name HD3),.,.,5.28
(segid A and resid 41) and (name HD3),(segid A and resid 40) and (name HA),.,.,3.15
(segid A and resid 41) and (name HD2),(segid A and resid 40) and (name HA),.,.,3.13
(segid A and resid 12) and (name HD3),(segid A and resid 41) and (name HD3),.,.,5.49
(segid A and resid 12) and (name HD3),(segid A and resid 41) and (name HD2),.,.,4.98
(segid A and resid 41) and (name HD2),(segid A and resid 28) and (name HB3),.,.,4.72
(segid A and resid 41) and (name HD3),(segid A and resid 40) and (name HB2),.,.,4.73
(segid A and resid 41) and (name HD3),(segid A and resid 40) and (name HB3),.,.,4.73
(segid A and resid 41) and (name HD2),(segid A and resid 40) and (name HB2),.,.,4.27
(segid A and resid 41) and (name HD2),(segid A and resid 40) and (name HB3),.,.,4.27
(segid A and resid 41) and (name HD2),(segid A and resid 11) and (name HG),.,.,5.31
(segid A and resid 41) and (name HD3),(segid A and resid 11) and (name HG),.,.,5.50
(segid A and resid 40) and (name HG2),(segid A and resid 41) and (name HD2),.,.,3.94
(segid A and resid 28) and (name HD*),(segid A and resid 41) and (name HD3),.,.,4.43
(segid A and resid 28) and (name HE*),(segid A and resid 41) and (name HD3),.,.,4.80
(segid A and resid 28) and (name HD*),(segid A and resid 41) and (name HD2),.,.,4.42
(segid A and resid 28) and (name HE*),(segid A and resid 41) and (name HD2),.,.,4.79
(segid A and resid 41) and (name HD3),(segid A and resid 15) and (name HE3),.,.,4.66
(segid A and resid 41) and (name HD2),(segid A and resid 15) and (name HE3),.,.,5.50
(segid A and resid 28) and (name HB3),(segid A and resid 40) and (name HA),.,.,5.50
(segid A and resid 40) and (name HG3),(segid A and resid 40) and (name HA),.,.,3.97
(segid A and resid 40) and (name HG2),(segid A and resid 40) and (name HA),.,.,3.77
(segid A and resid 11) and (name CD1* or (name HD1*)),(segid A and resid 40) and (name HA),.,.,4.58
(segid A and resid 41) and (name HG3),(segid A and resid 40) and (name HA),.,.,5.15
(segid A and resid 41) and (name HG2),(segid A and resid 40) and (name HA),.,.,5.32
(segid A and resid 40) and (name HA),(segid A and resid 39) and (name HB2),.,.,5.50
(segid A and resid 40) and (name HA),(segid A and resid 39) and (name HB3),.,.,5.50
(segid A and resid 40) and (name HA),(segid A and resid 39) and (name HA),.,.,5.03
(segid A and resid 28) and (name HD*),(segid A and resid 40) and (name HA),.,.,4.17
(segid A and resid 28) and (name HE*),(segid A and resid 40) and (name HA),.,.,4.06
(segid A and resid 35) and (name CB* or (name HB*)),(segid A and resid 34) and (name HA),.,.,5.36
(segid A and resid 33) and (name H),(segid A and resid 34) and (name HA),.,.,4.52
(segid A and resid 34) and (name HA),(segid A and resid 29) and (name HZ),.,.,4.39
(segid A and resid 29) and (name HE*),(segid A and resid 34) and (name HA),.,.,4.19
(segid A and resid 29) and (name HD*),(segid A and resid 34) and (name HA),.,.,4.86
(segid A and resid 34) and (name HA),(segid A and resid 35) and (name HA),.,.,4.93
(segid A and resid 35) and (name HA),(segid A and resid 36) and (name HA),.,.,5.06
(segid A and resid 35) and (name HA),(segid A and resid 30) and (name H),.,.,5.50
(segid A and resid 25) and (name HA),(segid A and resid 19) and (name HA),.,.,5.50
(segid A and resid 19) and (name HA),(segid A and resid 26) and (name HB),.,.,5.41
(segid A and resid 26) and (name CG1* or (name HG1*)),(segid A and resid 19) and (name HA),.,.,4.65
(segid A and resid 26) and (name CG2* or (name HG2*)),(segid A and resid 19) and (name HA),.,.,4.58
(segid A and resid 18) and (name HB3),(segid A and resid 19) and (name HA),.,.,5.02
(segid A and resid 27) and (name HE*),(segid A and resid 19) and (name HA),.,.,4.83
(segid A and resid 27) and (name HD*),(segid A and resid 19) and (name HA),.,.,4.50
(segid A and resid 6) and (name HA),(segid A and resid 7) and (name HA),.,.,5.11
(segid A and resid 7) and (name HA),(segid A and resid 8) and (name HA),.,.,5.50
(segid A and resid 7) and (name HA),(segid A and resid 10) and (name HD2),.,.,5.01
(segid A and resid 10) and (name HD3),(segid A and resid 7) and (name HA),.,.,5.01
(segid A and resid 7) and (name HA),(segid A and resid 9) and (name HB3),.,.,5.50
(segid A and resid 18) and (name HA),(segid A and resid 19) and (name HA),.,.,5.24
(segid A and resid 27) and (name H),(segid A and resid 18) and (name HA),.,.,5.32
(segid A and resid 18) and (name HA),(segid A and resid 17) and (name HE2),.,.,5.44
(segid A and resid 17) and (name HE3),(segid A and resid 18) and (name HA),.,.,5.44
(segid A and resid 18) and (name HA),(segid A and resid 18) and (name HD2),.,.,5.00
(segid A and resid 18) and (name HA),(segid A and resid 18) and (name HG2),.,.,4.03
(segid A and resid 18) and (name HA),(segid A and resid 18) and (name HG3),.,.,4.03
(segid A and resid 18) and (name HA),(segid A and resid 17) and (name HG2),.,.,4.91
(segid A and resid 17) and (name HG3),(segid A and resid 18) and (name HA),.,.,4.91
(segid A and resid 18) and (name HA),(segid A and resid 19) and (name HB2),.,.,4.75
(segid A and resid 19) and (name HB3),(segid A and resid 18) and (name HA),.,.,4.75
(segid A and resid 18) and (name HA),(segid A and resid 17) and (name HB3),.,.,5.50
(segid A and resid 29) and (name HA),(segid A and resid 15) and (name HA),.,.,5.30
(segid A and resid 29) and (name HA),(segid A and resid 28) and (name HA),.,.,5.05
(segid A and resid 29) and (name HA),(segid A and resid 27) and (name HE*),.,.,5.39
(segid A and resid 29) and (name HA),(segid A and resid 36) and (name HB2),.,.,4.66
(segid A and resid 29) and (name HA),(segid A and resid 30) and (name HB3),.,.,5.50
(segid A and resid 29) and (name HA),(segid A and resid 30) and (name HB2),.,.,5.32
(segid A and resid 29) and (name HA),(segid A and resid 15) and (name HE3),.,.,5.01
(segid A and resid 29) and (name HA),(segid A and resid 15) and (name HZ3),.,.,4.06
(segid A and resid 29) and (name HA),(segid A and resid 29) and (name HD*),.,.,4.29
(segid A and resid 27) and (name HE*),(segid A and resid 36) and (name HA),.,.,5.10
(segid A and resid 29) and (name HA),(segid A and resid 36) and (name HA),.,.,3.44
(segid A and resid 37) and (name HA),(segid A and resid 36) and (name HA),.,.,5.13
(segid A and resid 28) and (name HB3),(segid A and resid 36) and (name HA),.,.,5.50
(segid A and resid 29) and (name HB2),(segid A and resid 36) and (name HA),.,.,5.50
(segid A and resid 28) and (name HB2),(segid A and resid 36) and (name HA),.,.,5.15
(segid A and resid 37) and (name HB2),(segid A and resid 36) and (name HA),.,.,5.02
(segid A and resid 35) and (name CB* or (name HB*)),(segid A and resid 36) and (name HA),.,.,4.91
(segid A and resid 16) and (name HA),(segid A and resid 15) and (name HA),.,.,5.18
(segid A and resid 27) and (name HA),(segid A and resid 28) and (name HA),.,.,4.92
(segid A and resid 17) and (name HA),(segid A and resid 28) and (name HA),.,.,3.53
(segid A and resid 30) and (name HA),(segid A and resid 15) and (name HA),.,.,3.35
(segid A and resid 27) and (name HB2),(segid A and resid 28) and (name HA),.,.,5.37
(segid A and resid 11) and (name HG),(segid A and resid 28) and (name HA),.,.,5.25
(segid A and resid 28) and (name HA),(segid A and resid 17) and (name HG2),.,.,5.50
(segid A and resid 17) and (name HG3),(segid A and resid 28) and (name HA),.,.,5.50
(segid A and resid 30) and (name HB2),(segid A and resid 15) and (name HA),.,.,5.15
(segid A and resid 41) and (name HG3),(segid A and resid 15) and (name HA),.,.,5.46
(segid A and resid 15) and (name HD1),(segid A and resid 15) and (name HA),.,.,5.31
(segid A and resid 31) and (name HD2),(segid A and resid 15) and (name HA),.,.,5.50
(segid A and resid 28) and (name HD*),(segid A and resid 28) and (name HA),.,.,3.82
(segid A and resid 15) and (name HE3),(segid A and resid 15) and (name HA),.,.,4.26
(segid A and resid 29) and (name H),(segid A and resid 15) and (name HA),.,.,4.61
(segid A and resid 28) and (name HA),(segid A and resid 16) and (name H),.,.,4.58
(segid A and resid 37) and (name HB3),(segid A and resid 38) and (name HA),.,.,5.20
(segid A and resid 38) and (name HA),(segid A and resid 27) and (name HB2),.,.,4.43
(segid A and resid 28) and (name HD*),(segid A and resid 38) and (name HA),.,.,3.97
(segid A and resid 20) and (name HB2),(segid A and resid 25) and (name HB2),.,.,4.91
(segid A and resid 38) and (name HZ3),(segid A and resid 25) and (name HB3),.,.,4.34
(segid A and resid 38) and (name HZ3),(segid A and resid 25) and (name HB2),.,.,4.63
(segid A and resid 7) and (name HA),(segid A and resid 9) and (name HB2),.,.,5.50
(segid A and resid 20) and (name H),(segid A and resid 20) and (name HB3),.,.,3.83
(segid A and resid 43) and (name HA3),(segid A and resid 13) and (name HB2),.,.,5.50
(segid A and resid 13) and (name HB2),(segid A and resid 43) and (name HA2),.,.,5.50
(segid A and resid 24) and (name HA2),(segid A and resid 19) and (name HG2),.,.,4.61
(segid A and resid 43) and (name HA3),(segid A and resid 13) and (name HB3),.,.,5.50
(segid A and resid 13) and (name HB3),(segid A and resid 43) and (name HA2),.,.,5.50
(segid A and resid 19) and (name HG3),(segid A and resid 25) and (name HA),.,.,5.27
(segid A and resid 15) and (name HH2),(segid A and resid 37) and (name HB2),.,.,4.58
(segid A and resid 15) and (name HZ3),(segid A and resid 37) and (name HB2),.,.,4.55
(segid A and resid 28) and (name HD*),(segid A and resid 37) and (name HB2),.,.,5.48
(segid A and resid 15) and (name HZ2),(segid A and resid 37) and (name HB2),.,.,4.65
(segid A and resid 25) and (name H),(segid A and resid 19) and (name HG3),.,.,4.32
(segid A and resid 37) and (name HB2),(segid A and resid 38) and (name H),.,.,4.26
(segid A and resid 19) and (name HG3),(segid A and resid 25) and (name HB3),.,.,5.29
(segid A and resid 8) and (name HG3),(segid A and resid 8) and (name HB3),.,.,2.86
(segid A and resid 8) and (name HB3),(segid A and resid 8) and (name HG2),.,.,2.86
(segid A and resid 39) and (name HA),(segid A and resid 39) and (name HG2),.,.,4.17
(segid A and resid 31) and (name HD2),(segid A and resid 16) and (name HG3),.,.,5.26
(segid A and resid 29) and (name HD*),(segid A and resid 16) and (name HG3),.,.,5.50
(segid A and resid 40) and (name H),(segid A and resid 39) and (name HG2),.,.,5.50
(segid A and resid 16) and (name HG3),(segid A and resid 16) and (name H),.,.,5.50
(segid A and resid 24) and (name HA3),(segid A and resid 23) and (name HA),.,.,4.95
(segid A and resid 42) and (name HA),(segid A and resid 13) and (name HD2),.,.,5.43
(segid A and resid 12) and (name HA),(segid A and resid 42) and (name HA),.,.,5.45
(segid A and resid 42) and (name HA),(segid A and resid 12) and (name HB3),.,.,5.26
(segid A and resid 42) and (name HA),(segid A and resid 12) and (name HG3),.,.,5.18
(segid A and resid 42) and (name HA),(segid A and resid 41) and (name HB3),.,.,5.50
(segid A and resid 32) and (name HA),(segid A and resid 31) and (name HA),.,.,4.90
(segid A and resid 33) and (name H),(segid A and resid 31) and (name HA),.,.,5.16
(segid A and resid 31) and (name HA),(segid A and resid 29) and (name HZ),.,.,4.65
(segid A and resid 29) and (name HE*),(segid A and resid 31) and (name HA),.,.,3.68
(segid A and resid 29) and (name HD*),(segid A and resid 31) and (name HA),.,.,4.25
(segid A and resid 31) and (name HA),(segid A and resid 34) and (name H),.,.,4.54
(segid A and resid 25) and (name HA),(segid A and resid 25) and (name HG2),.,.,3.66
(segid A and resid 25) and (name HG3),(segid A and resid 25) and (name HA),.,.,3.66
(segid A and resid 8) and (name HA),(segid A and resid 8) and (name HG2),.,.,3.86
(segid A and resid 8) and (name HA),(segid A and resid 8) and (name HG3),.,.,3.86
(segid A and resid 9) and (name HA),(segid A and resid 8) and (name HG2),.,.,4.37
(segid A and resid 8) and (name HG3),(segid A and resid 9) and (name HA),.,.,4.37
(segid A and resid 10) and (name HA),(segid A and resid 10) and (name HG2),.,.,3.82
(segid A and resid 10) and (name HG3),(segid A and resid 10) and (name HA),.,.,3.82
(segid A and resid 11) and (name CD2* or (name HD2*)),(segid A and resid 10) and (name HA),.,.,5.02
(segid A and resid 20) and (name HA),(segid A and resid 21) and (name HA),.,.,5.17
(segid A and resid 20) and (name HA),(segid A and resid 20) and (name HG2),.,.,3.94
(segid A and resid 20) and (name HA),(segid A and resid 20) and (name HG3),.,.,3.94
(segid A and resid 27) and (name HE*),(segid A and resid 20) and (name HA),.,.,3.63
(segid A and resid 27) and (name HD*),(segid A and resid 20) and (name HA),.,.,4.93
(segid A and resid 39) and (name HA),(segid A and resid 39) and (name HG3),.,.,4.17
(segid A and resid 17) and (name HA),(segid A and resid 17) and (name HG2),.,.,3.45
(segid A and resid 17) and (name HG3),(segid A and resid 17) and (name HA),.,.,3.45
(segid A and resid 17) and (name HA),(segid A and resid 11) and (name CD2* or (name HD2*)),.,.,5.37
(segid A and resid 18) and (name HB2),(segid A and resid 17) and (name HA),.,.,4.95
(segid A and resid 17) and (name HA),(segid A and resid 28) and (name HD*),.,.,3.98
(segid A and resid 17) and (name HA),(segid A and resid 28) and (name HE*),.,.,4.83
(segid A and resid 28) and (name HE*),(segid A and resid 39) and (name HA),.,.,5.13
(segid A and resid 8) and (name HG3),(segid A and resid 8) and (name HB2),.,.,2.86
(segid A and resid 8) and (name HB2),(segid A and resid 8) and (name HG2),.,.,2.86
(segid A and resid 6) and (name CB* or (name HB*)),(segid A and resid 8) and (name HG2),.,.,4.66
(segid A and resid 8) and (name HG3),(segid A and resid 6) and (name CB* or (name HB*)),.,.,4.66
(segid A and resid 12) and (name HB2),(segid A and resid 13) and (name HD3),.,.,3.96
(segid A and resid 15) and (name HD1),(segid A and resid 12) and (name HB2),.,.,3.52
(segid A and resid 21) and (name HA),(segid A and resid 21) and (name HG2),.,.,4.14
(segid A and resid 21) and (name HA),(segid A and resid 21) and (name HG3),.,.,4.14
(segid A and resid 21) and (name HA),(segid A and resid 21) and (name HD2),.,.,4.53
(segid A and resid 21) and (name HD3),(segid A and resid 21) and (name HA),.,.,4.53
(segid A and resid 21) and (name HA),(segid A and resid 24) and (name H),.,.,4.69
(segid A and resid 19) and (name HA),(segid A and resid 26) and (name HA),.,.,3.20
(segid A and resid 27) and (name HA),(segid A and resid 26) and (name HA),.,.,4.54
(segid A and resid 18) and (name HA),(segid A and resid 26) and (name HA),.,.,5.39
(segid A and resid 25) and (name HA),(segid A and resid 26) and (name HA),.,.,4.76
(segid A and resid 27) and (name HB3),(segid A and resid 26) and (name HA),.,.,5.15
(segid A and resid 26) and (name HA),(segid A and resid 19) and (name HB2),.,.,4.56
(segid A and resid 19) and (name HB3),(segid A and resid 26) and (name HA),.,.,4.56
(segid A and resid 26) and (name HA),(segid A and resid 25) and (name HG2),.,.,5.14
(segid A and resid 25) and (name HG3),(segid A and resid 26) and (name HA),.,.,5.14
(segid A and resid 26) and (name CG2* or (name HG2*)),(segid A and resid 26) and (name HA),.,.,3.37
(segid A and resid 26) and (name CG1* or (name HG1*)),(segid A and resid 26) and (name HA),.,.,3.46
(segid A and resid 27) and (name HD*),(segid A and resid 26) and (name HA),.,.,4.43
(segid A and resid 26) and (name HA),(segid A and resid 18) and (name H),.,.,4.99
(segid A and resid 30) and (name HB3),(segid A and resid 34) and (name HA),.,.,4.66
(segid A and resid 30) and (name HB3),(segid A and resid 32) and (name H),.,.,5.05
(segid A and resid 15) and (name HD1),(segid A and resid 12) and (name HG2),.,.,4.32
(segid A and resid 15) and (name HD1),(segid A and resid 12) and (name HG3),.,.,4.81
(segid A and resid 29) and (name HE*),(segid A and resid 31) and (name HB2),.,.,5.02
(segid A and resid 12) and (name HA),(segid A and resid 11) and (name HA),.,.,4.41
(segid A and resid 11) and (name HA),(segid A and resid 10) and (name HA),.,.,5.11
(segid A and resid 12) and (name HD3),(segid A and resid 11) and (name HA),.,.,3.49
(segid A and resid 41) and (name HD2),(segid A and resid 11) and (name HA),.,.,5.10
(segid A and resid 12) and (name HG2),(segid A and resid 11) and (name HA),.,.,5.13
(segid A and resid 15) and (name HH2),(segid A and resid 36) and (name HA),.,.,5.07
(segid A and resid 15) and (name HZ3),(segid A and resid 36) and (name HA),.,.,3.96
(segid A and resid 43) and (name H),(segid A and resid 12) and (name HD3),.,.,5.16
(segid A and resid 43) and (name H),(segid A and resid 12) and (name HB3),.,.,4.89
(segid A and resid 43) and (name H),(segid A and resid 12) and (name HB2),.,.,4.93
(segid A and resid 43) and (name H),(segid A and resid 12) and (name HG3),.,.,4.37
(segid A and resid 43) and (name H),(segid A and resid 12) and (name HG2),.,.,4.21
(segid A and resid 43) and (name H),(segid A and resid 41) and (name HB2),.,.,4.78
(segid A and resid 43) and (name H),(segid A and resid 41) and (name HG2),.,.,5.45
(segid A and resid 43) and (name H),(segid A and resid 15) and (name HD1),.,.,5.47
(segid A and resid 43) and (name H),(segid A and resid 42) and (name HA),.,.,2.71
(segid A and resid 43) and (name H),(segid A and resid 13) and (name HD2),.,.,4.17
(segid A and resid 43) and (name H),(segid A and resid 43) and (name HA2),.,.,2.80
(segid A and resid 43) and (name H),(segid A and resid 43) and (name HA3),.,.,2.80
(segid A and resid 43) and (name H),(segid A and resid 42) and (name H),.,.,3.90
(segid A and resid 15) and (name HZ2),(segid A and resid 42) and (name H),.,.,5.00
(segid A and resid 41) and (name HA),(segid A and resid 42) and (name H),.,.,2.77
(segid A and resid 42) and (name H),(segid A and resid 42) and (name HB2),.,.,3.89
(segid A and resid 42) and (name H),(segid A and resid 42) and (name HB3),.,.,3.89
(segid A and resid 12) and (name HG2),(segid A and resid 42) and (name H),.,.,5.50
(segid A and resid 41) and (name HB3),(segid A and resid 42) and (name H),.,.,4.06
(segid A and resid 41) and (name HB2),(segid A and resid 42) and (name H),.,.,4.20
(segid A and resid 12) and (name HD3),(segid A and resid 42) and (name H),.,.,5.50
(segid A and resid 15) and (name HA),(segid A and resid 32) and (name H),.,.,5.02
(segid A and resid 33) and (name HB),(segid A and resid 32) and (name H),.,.,5.50
(segid A and resid 31) and (name HA),(segid A and resid 32) and (name H),.,.,3.42
(segid A and resid 14) and (name HA2),(segid A and resid 32) and (name H),.,.,4.17
(segid A and resid 31) and (name HB3),(segid A and resid 32) and (name H),.,.,4.31
(segid A and resid 32) and (name H),(segid A and resid 31) and (name HB2),.,.,4.34
(segid A and resid 31) and (name HD2),(segid A and resid 32) and (name H),.,.,4.40
(segid A and resid 32) and (name H),(segid A and resid 31) and (name HE1),.,.,5.48
(segid A and resid 31) and (name H),(segid A and resid 16) and (name H),.,.,4.63
(segid A and resid 32) and (name HG12),(segid A and resid 32) and (name H),.,.,3.86
(segid A and resid 32) and (name CG* or (name HG*)),(segid A and resid 32) and (name H),.,.,4.00
(segid A and resid 32) and (name CD* or (name HD*)),(segid A and resid 32) and (name H),.,.,4.31
(segid A and resid 40) and (name H),(segid A and resid 39) and (name H),.,.,4.62
(segid A and resid 28) and (name HE*),(segid A and resid 40) and (name H),.,.,3.54
(segid A and resid 39) and (name HA),(segid A and resid 40) and (name H),.,.,2.40
(segid A and resid 40) and (name H),(segid A and resid 40) and (name HD2),.,.,4.15
(segid A and resid 40) and (name HD3),(segid A and resid 40) and (name H),.,.,4.15
(segid A and resid 41) and (name HD3),(segid A and resid 40) and (name H),.,.,4.67
(segid A and resid 40) and (name H),(segid A and resid 39) and (name HG3),.,.,5.50
(segid A and resid 41) and (name HD2),(segid A and resid 40) and (name H),.,.,5.50
(segid A and resid 40) and (name H),(segid A and resid 39) and (name HB2),.,.,3.17
(segid A and resid 39) and (name HB3),(segid A and resid 40) and (name H),.,.,3.17
(segid A and resid 40) and (name H),(segid A and resid 40) and (name HB2),.,.,2.44
(segid A and resid 40) and (name HB3),(segid A and resid 40) and (name H),.,.,2.44
(segid A and resid 40) and (name HG3),(segid A and resid 40) and (name H),.,.,3.50
(segid A and resid 40) and (name HG2),(segid A and resid 40) and (name H),.,.,4.04
(segid A and resid 11) and (name CD1* or (name HD1*)),(segid A and resid 40) and (name H),.,.,5.50
(segid A and resid 38) and (name H),(segid A and resid 39) and (name H),.,.,2.60
(segid A and resid 38) and (name HD1),(segid A and resid 39) and (name H),.,.,4.00
(segid A and resid 28) and (name HD*),(segid A and resid 39) and (name H),.,.,4.16
(segid A and resid 37) and (name HA),(segid A and resid 39) and (name H),.,.,4.40
(segid A and resid 38) and (name HB3),(segid A and resid 39) and (name H),.,.,4.20
(segid A and resid 39) and (name H),(segid A and resid 38) and (name HB2),.,.,3.07
(segid A and resid 37) and (name HB3),(segid A and resid 39) and (name H),.,.,3.65
(segid A and resid 39) and (name H),(segid A and resid 39) and (name HG3),.,.,3.70
(segid A and resid 39) and (name H),(segid A and resid 39) and (name HB2),.,.,2.55
(segid A and resid 39) and (name HB3),(segid A and resid 39) and (name H),.,.,2.55
(segid A and resid 38) and (name HD1),(segid A and resid 38) and (name H),.,.,3.19
(segid A and resid 28) and (name HD*),(segid A and resid 38) and (name H),.,.,4.86
(segid A and resid 37) and (name HA),(segid A and resid 38) and (name H),.,.,2.70
(segid A and resid 39) and (name HA),(segid A and resid 38) and (name H),.,.,5.13
(segid A and resid 38) and (name HB3),(segid A and resid 38) and (name H),.,.,3.79
(segid A and resid 38) and (name H),(segid A and resid 38) and (name HB2),.,.,2.88
(segid A and resid 37) and (name HB3),(segid A and resid 38) and (name H),.,.,3.58
(segid A and resid 38) and (name H),(segid A and resid 39) and (name HB2),.,.,4.45
(segid A and resid 39) and (name HB3),(segid A and resid 38) and (name H),.,.,4.45
(segid A and resid 37) and (name H),(segid A and resid 28) and (name H),.,.,3.07
(segid A and resid 37) and (name H),(segid A and resid 38) and (name H),.,.,4.37
(segid A and resid 37) and (name H),(segid A and resid 36) and (name H),.,.,4.32
(segid A and resid 37) and (name H),(segid A and resid 39) and (name H),.,.,5.50
(segid A and resid 37) and (name H),(segid A and resid 15) and (name HE3),.,.,4.56
(segid A and resid 37) and (name H),(segid A and resid 15) and (name HZ3),.,.,3.36
(segid A and resid 27) and (name HE*),(segid A and resid 37) and (name H),.,.,5.02
(segid A and resid 37) and (name H),(segid A and resid 36) and (name HA),.,.,2.46
(segid A and resid 29) and (name HA),(segid A and resid 37) and (name H),.,.,3.77
(segid A and resid 37) and (name H),(segid A and resid 28) and (name HA),.,.,4.84
(segid A and resid 37) and (name H),(segid A and resid 38) and (name HA),.,.,4.91
(segid A and resid 36) and (name HB2),(segid A and resid 37) and (name H),.,.,3.65
(segid A and resid 37) and (name H),(segid A and resid 28) and (name HB3),.,.,4.25
(segid A and resid 37) and (name H),(segid A and resid 28) and (name HB2),.,.,3.22
(segid A and resid 37) and (name H),(segid A and resid 27) and (name HB2),.,.,4.34
(segid A and resid 37) and (name H),(segid A and resid 37) and (name HB2),.,.,3.12
(segid A and resid 37) and (name H),(segid A and resid 35) and (name CB* or (name HB*)),.,.,5.32
(segid A and resid 30) and (name H),(segid A and resid 36) and (name H),.,.,4.13
(segid A and resid 35) and (name H),(segid A and resid 36) and (name H),.,.,4.70
(segid A and resid 15) and (name HH2),(segid A and resid 36) and (name H),.,.,4.66
(segid A and resid 15) and (name HZ3),(segid A and resid 36) and (name H),.,.,4.42
(segid A and resid 29) and (name HA),(segid A and resid 36) and (name H),.,.,4.56
(segid A and resid 37) and (name HA),(segid A and resid 36) and (name H),.,.,5.12
(segid A and resid 35) and (name HA),(segid A and resid 36) and (name H),.,.,2.70
(segid A and resid 36) and (name HB2),(segid A and resid 36) and (name H),.,.,4.04
(segid A and resid 36) and (name HB3),(segid A and resid 36) and (name H),.,.,3.13
(segid A and resid 37) and (name HB2),(segid A and resid 36) and (name H),.,.,4.97
(segid A and resid 35) and (name CB* or (name HB*)),(segid A and resid 36) and (name H),.,.,2.81
(segid A and resid 35) and (name H),(segid A and resid 32) and (name H),.,.,4.80
(segid A and resid 35) and (name H),(segid A and resid 34) and (name H),.,.,2.73
(segid A and resid 35) and (name H),(segid A and resid 33) and (name H),.,.,3.68
(segid A and resid 35) and (name H),(segid A and resid 36) and (name HA),.,.,5.27
(segid A and resid 35) and (name H),(segid A and resid 35) and (name HA),.,.,2.94
(segid A and resid 35) and (name H),(segid A and resid 34) and (name HA),.,.,3.01
(segid A and resid 35) and (name H),(segid A and resid 36) and (name HB3),.,.,5.50
(segid A and resid 35) and (name H),(segid A and resid 34) and (name HB2),.,.,4.55
(segid A and resid 35) and (name H),(segid A and resid 34) and (name HB3),.,.,4.55
(segid A and resid 35) and (name H),(segid A and resid 30) and (name HB3),.,.,2.88
(segid A and resid 35) and (name H),(segid A and resid 35) and (name CB* or (name HB*)),.,.,2.52
(segid A and resid 35) and (name H),(segid A and resid 33) and (name CG* or (name HG*)),.,.,3.98
(segid A and resid 35) and (name H),(segid A and resid 30) and (name HB2),.,.,3.95
(segid A and resid 34) and (name H),(segid A and resid 32) and (name H),.,.,3.55
(segid A and resid 33) and (name H),(segid A and resid 34) and (name H),.,.,2.56
(segid A and resid 29) and (name HE*),(segid A and resid 34) and (name H),.,.,4.32
(segid A and resid 29) and (name HD*),(segid A and resid 34) and (name H),.,.,5.33
(segid A and resid 30) and (name HA),(segid A and resid 34) and (name H),.,.,5.50
(segid A and resid 35) and (name HA),(segid A and resid 34) and (name H),.,.,5.50
(segid A and resid 34) and (name HA),(segid A and resid 34) and (name H),.,.,2.40
(segid A and resid 32) and (name HA),(segid A and resid 34) and (name H),.,.,4.53
(segid A and resid 34) and (name H),(segid A and resid 34) and (name HB2),.,.,3.87
(segid A and resid 34) and (name H),(segid A and resid 31) and (name HB2),.,.,5.45
(segid A and resid 34) and (name H),(segid A and resid 34) and (name HB3),.,.,3.87
(segid A and resid 30) and (name HB3),(segid A and resid 34) and (name H),.,.,3.89
(segid A and resid 35) and (name CB* or (name HB*)),(segid A and resid 34) and (name H),.,.,4.51
(segid A and resid 33) and (name CG* or (name HG*)),(segid A and resid 34) and (name H),.,.,3.81
(segid A and resid 32) and (name CG* or (name HG*)),(segid A and resid 34) and (name H),.,.,4.98
(segid A and resid 30) and (name HB2),(segid A and resid 34) and (name H),.,.,5.46
(segid A and resid 33) and (name H),(segid A and resid 32) and (name H),.,.,2.58
(segid A and resid 29) and (name HE*),(segid A and resid 33) and (name H),.,.,5.50
(segid A and resid 33) and (name H),(segid A and resid 30) and (name HA),.,.,4.93
(segid A and resid 33) and (name HB),(segid A and resid 33) and (name H),.,.,3.67
(segid A and resid 33) and (name H),(segid A and resid 34) and (name HB2),.,.,5.50
(segid A and resid 32) and (name HB),(segid A and resid 33) and (name H),.,.,2.70
(segid A and resid 32) and (name HG13),(segid A and resid 33) and (name H),.,.,4.64
(segid A and resid 35) and (name CB* or (name HB*)),(segid A and resid 33) and (name H),.,.,4.34
(segid A and resid 33) and (name CG* or (name HG*)),(segid A and resid 33) and (name H),.,.,2.75
(segid A and resid 32) and (name CG* or (name HG*)),(segid A and resid 33) and (name H),.,.,3.37
(segid A and resid 30) and (name HB2),(segid A and resid 33) and (name H),.,.,4.57
(segid A and resid 30) and (name HB2),(segid A and resid 32) and (name H),.,.,4.79
(segid A and resid 31) and (name H),(segid A and resid 31) and (name HE1),.,.,5.50
(segid A and resid 35) and (name H),(segid A and resid 31) and (name H),.,.,5.38
(segid A and resid 31) and (name HD2),(segid A and resid 31) and (name H),.,.,3.20
(segid A and resid 31) and (name H),(segid A and resid 15) and (name HA),.,.,3.49
(segid A and resid 31) and (name H),(segid A and resid 30) and (name HA),.,.,2.48
(segid A and resid 14) and (name HA2),(segid A and resid 31) and (name H),.,.,4.10
(segid A and resid 31) and (name H),(segid A and resid 31) and (name HB3),.,.,2.99
(segid A and resid 31) and (name H),(segid A and resid 31) and (name HB2),.,.,3.73
(segid A and resid 29) and (name HB3),(segid A and resid 31) and (name H),.,.,5.50
(segid A and resid 16) and (name HG2),(segid A and resid 31) and (name H),.,.,5.21
(segid A and resid 16) and (name HG3),(segid A and resid 31) and (name H),.,.,5.09
(segid A and resid 31) and (name H),(segid A and resid 16) and (name HB2),.,.,4.75
(segid A and resid 16) and (name HB3),(segid A and resid 31) and (name H),.,.,4.75
(segid A and resid 30) and (name HB2),(segid A and resid 31) and (name H),.,.,4.61
(segid A and resid 29) and (name H),(segid A and resid 30) and (name H),.,.,4.30
(segid A and resid 37) and (name H),(segid A and resid 30) and (name H),.,.,5.12
(segid A and resid 15) and (name HE3),(segid A and resid 30) and (name H),.,.,3.87
(segid A and resid 29) and (name HZ),(segid A and resid 30) and (name H),.,.,5.50
(segid A and resid 35) and (name H),(segid A and resid 30) and (name H),.,.,3.47
(segid A and resid 29) and (name HD*),(segid A and resid 30) and (name H),.,.,3.49
(segid A and resid 27) and (name HE*),(segid A and resid 30) and (name H),.,.,5.50
(segid A and resid 36) and (name HA),(segid A and resid 30) and (name H),.,.,3.50
(segid A and resid 29) and (name HA),(segid A and resid 30) and (name H),.,.,2.45
(segid A and resid 30) and (name H),(segid A and resid 15) and (name HA),.,.,4.26
(segid A and resid 34) and (name HA),(segid A and resid 30) and (name H),.,.,4.72
(segid A and resid 36) and (name HB2),(segid A and resid 30) and (name H),.,.,4.47
(segid A and resid 36) and (name HB3),(segid A and resid 30) and (name H),.,.,4.82
(segid A and resid 29) and (name HB2),(segid A and resid 30) and (name H),.,.,4.31
(segid A and resid 29) and (name HB3),(segid A and resid 30) and (name H),.,.,4.33
(segid A and resid 30) and (name H),(segid A and resid 16) and (name HB2),.,.,5.50
(segid A and resid 16) and (name HB3),(segid A and resid 30) and (name H),.,.,5.50
(segid A and resid 30) and (name HB3),(segid A and resid 30) and (name H),.,.,2.89
(segid A and resid 35) and (name CB* or (name HB*)),(segid A and resid 30) and (name H),.,.,3.64
(segid A and resid 33) and (name CG* or (name HG*)),(segid A and resid 30) and (name H),.,.,5.41
(segid A and resid 30) and (name HB2),(segid A and resid 30) and (name H),.,.,3.02
(segid A and resid 29) and (name H),(segid A and resid 18) and (name H),.,.,4.19
(segid A and resid 29) and (name H),(segid A and resid 15) and (name HE3),.,.,3.33
(segid A and resid 15) and (name HZ3),(segid A and resid 29) and (name H),.,.,5.10
(segid A and resid 27) and (name HD*),(segid A and resid 29) and (name H),.,.,5.50
(segid A and resid 29) and (name HD*),(segid A and resid 29) and (name H),.,.,5.50
(segid A and resid 28) and (name HD*),(segid A and resid 29) and (name H),.,.,4.07
(segid A and resid 27) and (name HE*),(segid A and resid 29) and (name H),.,.,4.79
(segid A and resid 29) and (name H),(segid A and resid 36) and (name HA),.,.,4.79
(segid A and resid 29) and (name H),(segid A and resid 28) and (name HA),.,.,2.50
(segid A and resid 16) and (name HA),(segid A and resid 29) and (name H),.,.,4.64
(segid A and resid 17) and (name HA),(segid A and resid 29) and (name H),.,.,3.82
(segid A and resid 15) and (name HB2),(segid A and resid 29) and (name H),.,.,5.50
(segid A and resid 29) and (name H),(segid A and resid 28) and (name HB3),.,.,3.00
(segid A and resid 29) and (name HB3),(segid A and resid 29) and (name H),.,.,2.87
(segid A and resid 29) and (name H),(segid A and resid 16) and (name HB2),.,.,3.97
(segid A and resid 16) and (name HB3),(segid A and resid 29) and (name H),.,.,3.97
(segid A and resid 17) and (name HB2),(segid A and resid 29) and (name H),.,.,5.50
(segid A and resid 29) and (name H),(segid A and resid 18) and (name HG2),.,.,5.08
(segid A and resid 29) and (name H),(segid A and resid 18) and (name HG3),.,.,5.08
(segid A and resid 29) and (name H),(segid A and resid 11) and (name HG),.,.,5.02
(segid A and resid 29) and (name H),(segid A and resid 11) and (name CD1* or (name HD1*)),.,.,5.07
(segid A and resid 18) and (name HB2),(segid A and resid 29) and (name H),.,.,5.49
(segid A and resid 29) and (name H),(segid A and resid 28) and (name H),.,.,4.65
(segid A and resid 18) and (name H),(segid A and resid 28) and (name H),.,.,4.95
(segid A and resid 38) and (name H),(segid A and resid 28) and (name H),.,.,4.76
(segid A and resid 38) and (name HE3),(segid A and resid 28) and (name H),.,.,5.16
(segid A and resid 27) and (name HD*),(segid A and resid 28) and (name H),.,.,2.84
(segid A and resid 27) and (name HE*),(segid A and resid 28) and (name H),.,.,4.92
(segid A and resid 36) and (name HA),(segid A and resid 28) and (name H),.,.,4.78
(segid A and resid 29) and (name HA),(segid A and resid 28) and (name H),.,.,5.38
(segid A and resid 38) and (name HA),(segid A and resid 28) and (name H),.,.,3.88
(segid A and resid 27) and (name HA),(segid A and resid 28) and (name H),.,.,2.95
(segid A and resid 17) and (name HA),(segid A and resid 28) and (name H),.,.,4.88
(segid A and resid 36) and (name HB2),(segid A and resid 28) and (name H),.,.,5.13
(segid A and resid 27) and (name HB3),(segid A and resid 28) and (name H),.,.,3.78
(segid A and resid 28) and (name HB2),(segid A and resid 28) and (name H),.,.,2.93
(segid A and resid 27) and (name HB2),(segid A and resid 28) and (name H),.,.,2.68
(segid A and resid 37) and (name HB2),(segid A and resid 28) and (name H),.,.,5.25
(segid A and resid 28) and (name H),(segid A and resid 17) and (name HG2),.,.,5.50
(segid A and resid 17) and (name HG3),(segid A and resid 28) and (name H),.,.,5.50
(segid A and resid 26) and (name CG1* or (name HG1*)),(segid A and resid 28) and (name H),.,.,5.26
(segid A and resid 27) and (name H),(segid A and resid 20) and (name H),.,.,5.08
(segid A and resid 27) and (name H),(segid A and resid 28) and (name H),.,.,4.40
(segid A and resid 27) and (name H),(segid A and resid 18) and (name H),.,.,3.20
(segid A and resid 27) and (name HD*),(segid A and resid 27) and (name H),.,.,2.95
(segid A and resid 27) and (name HE*),(segid A and resid 27) and (name H),.,.,4.72
(segid A and resid 27) and (name H),(segid A and resid 28) and (name HA),.,.,4.80
(segid A and resid 27) and (name H),(segid A and resid 19) and (name HA),.,.,3.30
(segid A and resid 27) and (name H),(segid A and resid 26) and (name HA),.,.,2.43
(segid A and resid 27) and (name H),(segid A and resid 17) and (name HA),.,.,4.43
(segid A and resid 27) and (name H),(segid A and resid 27) and (name HB3),.,.,3.64
(segid A and resid 27) and (name H),(segid A and resid 27) and (name HB2),.,.,4.14
(segid A and resid 19) and (name HG3),(segid A and resid 27) and (name H),.,.,5.50
(segid A and resid 27) and (name H),(segid A and resid 26) and (name HB),.,.,3.94
(segid A and resid 27) and (name H),(segid A and resid 19) and (name HB2),.,.,4.67
(segid A and resid 19) and (name HB3),(segid A and resid 27) and (name H),.,.,4.67
(segid A and resid 27) and (name H),(segid A and resid 18) and (name HB3),.,.,5.50
(segid A and resid 27) and (name H),(segid A and resid 17) and (name HG2),.,.,3.52
(segid A and resid 27) and (name H),(segid A and resid 17) and (name HG3),.,.,3.52
(segid A and resid 27) and (name H),(segid A and resid 26) and (name CG1* or (name HG1*)),.,.,2.84
(segid A and resid 27) and (name H),(segid A and resid 18) and (name HB2),.,.,4.64
(segid A and resid 27) and (name H),(segid A and resid 28) and (name HE*),.,.,5.50
(segid A and resid 20) and (name H),(segid A and resid 26) and (name H),.,.,4.83
(segid A and resid 38) and (name HE3),(segid A and resid 26) and (name H),.,.,5.08
(segid A and resid 38) and (name HZ3),(segid A and resid 26) and (name H),.,.,4.35
(segid A and resid 19) and (name HA),(segid A and resid 26) and (name H),.,.,4.46
(segid A and resid 27) and (name HA),(segid A and resid 26) and (name H),.,.,5.50
(segid A and resid 25) and (name HA),(segid A and resid 26) and (name H),.,.,2.40
(segid A and resid 26) and (name H),(segid A and resid 25) and (name HD2),.,.,4.71
(segid A and resid 26) and (name H),(segid A and resid 25) and (name HD3),.,.,4.71
(segid A and resid 19) and (name HG2),(segid A and resid 26) and (name H),.,.,5.50
(segid A and resid 19) and (name HG3),(segid A and resid 26) and (name H),.,.,4.83
(segid A and resid 26) and (name HB),(segid A and resid 26) and (name H),.,.,2.80
(segid A and resid 25) and (name HB2),(segid A and resid 26) and (name H),.,.,4.44
(segid A and resid 26) and (name H),(segid A and resid 25) and (name HG2),.,.,3.43
(segid A and resid 25) and (name HG3),(segid A and resid 26) and (name H),.,.,3.43
(segid A and resid 26) and (name CG2* or (name HG2*)),(segid A and resid 26) and (name H),.,.,2.65
(segid A and resid 26) and (name CG1* or (name HG1*)),(segid A and resid 26) and (name H),.,.,3.90
(segid A and resid 25) and (name H),(segid A and resid 26) and (name H),.,.,4.31
(segid A and resid 25) and (name H),(segid A and resid 20) and (name H),.,.,3.58
(segid A and resid 25) and (name H),(segid A and resid 38) and (name HH2),.,.,5.50
(segid A and resid 27) and (name HD*),(segid A and resid 25) and (name H),.,.,5.27
(segid A and resid 25) and (name H),(segid A and resid 38) and (name HZ3),.,.,5.50
(segid A and resid 27) and (name HE*),(segid A and resid 25) and (name H),.,.,5.50
(segid A and resid 25) and (name H),(segid A and resid 19) and (name HA),.,.,4.92
(segid A and resid 25) and (name H),(segid A and resid 20) and (name HA),.,.,4.37
(segid A and resid 25) and (name H),(segid A and resid 24) and (name HA2),.,.,3.29
(segid A and resid 25) and (name H),(segid A and resid 20) and (name HB2),.,.,3.12
(segid A and resid 25) and (name H),(segid A and resid 20) and (name HG2),.,.,4.54
(segid A and resid 25) and (name H),(segid A and resid 20) and (name HG3),.,.,4.54
(segid A and resid 25) and (name H),(segid A and resid 19) and (name HG2),.,.,4.57
(segid A and resid 25) and (name H),(segid A and resid 25) and (name HB3),.,.,3.22
(segid A and resid 25) and (name H),(segid A and resid 25) and (name HB2),.,.,3.10
(segid A and resid 25) and (name H),(segid A and resid 26) and (name CG2* or (name HG2*)),.,.,4.93
(segid A and resid 20) and (name H),(segid A and resid 24) and (name H),.,.,4.46
(segid A and resid 25) and (name H),(segid A and resid 24) and (name H),.,.,2.74
(segid A and resid 24) and (name H),(segid A and resid 23) and (name H),.,.,3.57
(segid A and resid 23) and (name HA),(segid A and resid 24) and (name H),.,.,3.54
(segid A and resid 24) and (name HA2),(segid A and resid 24) and (name H),.,.,2.58
(segid A and resid 20) and (name HB2),(segid A and resid 24) and (name H),.,.,3.91
(segid A and resid 24) and (name H),(segid A and resid 20) and (name HG2),.,.,5.50
(segid A and resid 24) and (name H),(segid A and resid 20) and (name HG3),.,.,5.50
(segid A and resid 19) and (name HG2),(segid A and resid 24) and (name H),.,.,4.78
(segid A and resid 20) and (name HB3),(segid A and resid 24) and (name H),.,.,4.39
(segid A and resid 25) and (name HB3),(segid A and resid 24) and (name H),.,.,5.00
(segid A and resid 25) and (name HB2),(segid A and resid 24) and (name H),.,.,4.18
(segid A and resid 23) and (name H),(segid A and resid 22) and (name HB2),.,.,5.50
(segid A and resid 22) and (name HB3),(segid A and resid 23) and (name H),.,.,5.50
(segid A and resid 24) and (name HA2),(segid A and resid 23) and (name H),.,.,5.50
(segid A and resid 20) and (name H),(segid A and resid 21) and (name H),.,.,4.93
(segid A and resid 27) and (name HD*),(segid A and resid 20) and (name H),.,.,3.13
(segid A and resid 27) and (name HE*),(segid A and resid 20) and (name H),.,.,3.51
(segid A and resid 19) and (name HA),(segid A and resid 20) and (name H),.,.,2.58
(segid A and resid 20) and (name H),(segid A and resid 26) and (name HA),.,.,3.59
(segid A and resid 25) and (name HA),(segid A and resid 20) and (name H),.,.,4.50
(segid A and resid 24) and (name HA3),(segid A and resid 20) and (name H),.,.,5.50
(segid A and resid 20) and (name H),(segid A and resid 21) and (name HA),.,.,5.50
(segid A and resid 24) and (name HA2),(segid A and resid 20) and (name H),.,.,4.53
(segid A and resid 20) and (name HB2),(segid A and resid 20) and (name H),.,.,2.81
(segid A and resid 20) and (name H),(segid A and resid 20) and (name HG3),.,.,4.12
(segid A and resid 20) and (name H),(segid A and resid 19) and (name HG2),.,.,3.61
(segid A and resid 19) and (name HG3),(segid A and resid 20) and (name H),.,.,3.66
(segid A and resid 20) and (name H),(segid A and resid 19) and (name HB2),.,.,3.65
(segid A and resid 19) and (name HB3),(segid A and resid 20) and (name H),.,.,3.65
(segid A and resid 26) and (name CG2* or (name HG2*)),(segid A and resid 20) and (name H),.,.,4.72
(segid A and resid 26) and (name CG1* or (name HG1*)),(segid A and resid 20) and (name H),.,.,5.50
(segid A and resid 20) and (name H),(segid A and resid 20) and (name HG2),.,.,4.12
(segid A and resid 19) and (name H),(segid A and resid 20) and (name H),.,.,4.42
(segid A and resid 27) and (name H),(segid A and resid 19) and (name H),.,.,4.84
(segid A and resid 27) and (name HD*),(segid A and resid 19) and (name H),.,.,4.79
(segid A and resid 27) and (name HE*),(segid A and resid 19) and (name H),.,.,3.90
(segid A and resid 19) and (name H),(segid A and resid 26) and (name HA),.,.,4.77
(segid A and resid 18) and (name HA),(segid A and resid 19) and (name H),.,.,2.68
(segid A and resid 19) and (name H),(segid A and resid 18) and (name HD2),.,.,4.73
(segid A and resid 19) and (name H),(segid A and resid 18) and (name HD3),.,.,4.73
(segid A and resid 19) and (name H),(segid A and resid 19) and (name HG2),.,.,4.35
(segid A and resid 19) and (name HG3),(segid A and resid 19) and (name H),.,.,4.91
(segid A and resid 19) and (name H),(segid A and resid 19) and (name HB2),.,.,2.70
(segid A and resid 19) and (name HB3),(segid A and resid 19) and (name H),.,.,2.70
(segid A and resid 19) and (name H),(segid A and resid 18) and (name HB3),.,.,2.70
(segid A and resid 19) and (name H),(segid A and resid 17) and (name HG2),.,.,5.50
(segid A and resid 17) and (name HG3),(segid A and resid 19) and (name H),.,.,5.50
(segid A and resid 26) and (name CG2* or (name HG2*)),(segid A and resid 19) and (name H),.,.,5.50
(segid A and resid 26) and (name CG1* or (name HG1*)),(segid A and resid 19) and (name H),.,.,5.00
(segid A and resid 18) and (name HB2),(segid A and resid 19) and (name H),.,.,3.27
(segid A and resid 19) and (name H),(segid A and resid 18) and (name H),.,.,4.42
(segid A and resid 28) and (name HD*),(segid A and resid 18) and (name H),.,.,4.18
(segid A and resid 27) and (name HE*),(segid A and resid 18) and (name H),.,.,4.85
(segid A and resid 28) and (name HA),(segid A and resid 18) and (name H),.,.,3.45
(segid A and resid 19) and (name HA),(segid A and resid 18) and (name H),.,.,5.17
(segid A and resid 27) and (name HA),(segid A and resid 18) and (name H),.,.,5.00
(segid A and resid 17) and (name HA),(segid A and resid 18) and (name H),.,.,2.40
(segid A and resid 18) and (name H),(segid A and resid 18) and (name HD2),.,.,5.50
(segid A and resid 29) and (name HB2),(segid A and resid 18) and (name H),.,.,5.50
(segid A and resid 18) and (name H),(segid A and resid 18) and (name HD3),.,.,5.50
(segid A and resid 29) and (name HB3),(segid A and resid 18) and (name H),.,.,5.50
(segid A and resid 27) and (name HB2),(segid A and resid 18) and (name H),.,.,5.44
(segid A and resid 18) and (name H),(segid A and resid 16) and (name HB2),.,.,4.93
(segid A and resid 16) and (name HB3),(segid A and resid 18) and (name H),.,.,4.93
(segid A and resid 17) and (name HB3),(segid A and resid 18) and (name H),.,.,4.43
(segid A and resid 17) and (name HB2),(segid A and resid 18) and (name H),.,.,4.47
(segid A and resid 18) and (name H),(segid A and resid 18) and (name HG2),.,.,3.93
(segid A and resid 18) and (name H),(segid A and resid 18) and (name HG3),.,.,3.93
(segid A and resid 18) and (name H),(segid A and resid 17) and (name HG2),.,.,3.42
(segid A and resid 17) and (name HG3),(segid A and resid 18) and (name H),.,.,3.42
(segid A and resid 26) and (name CG1* or (name HG1*)),(segid A and resid 18) and (name H),.,.,3.91
(segid A and resid 18) and (name HB2),(segid A and resid 18) and (name H),.,.,2.99
(segid A and resid 17) and (name H),(segid A and resid 16) and (name H),.,.,4.24
(segid A and resid 17) and (name H),(segid A and resid 29) and (name H),.,.,5.06
(segid A and resid 28) and (name HD*),(segid A and resid 17) and (name H),.,.,4.43
(segid A and resid 28) and (name HE*),(segid A and resid 17) and (name H),.,.,5.04
(segid A and resid 17) and (name H),(segid A and resid 28) and (name HA),.,.,4.93
(segid A and resid 16) and (name HA),(segid A and resid 17) and (name H),.,.,2.56
(segid A and resid 17) and (name H),(segid A and resid 15) and (name HB3),.,.,5.50
(segid A and resid 17) and (name H),(segid A and resid 28) and (name HB3),.,.,5.50
(segid A and resid 17) and (name H),(segid A and resid 16) and (name HB2),.,.,3.30
(segid A and resid 17) and (name H),(segid A and resid 16) and (name HB3),.,.,3.30
(segid A and resid 17) and (name HB3),(segid A and resid 17) and (name H),.,.,2.74
(segid A and resid 17) and (name HB2),(segid A and resid 17) and (name H),.,.,2.85
(segid A and resid 17) and (name H),(segid A and resid 11) and (name HB3),.,.,4.97
(segid A and resid 17) and (name H),(segid A and resid 11) and (name HG),.,.,3.15
(segid A and resid 11) and (name CD2* or (name HD2*)),(segid A and resid 17) and (name H),.,.,4.32
(segid A and resid 29) and (name H),(segid A and resid 16) and (name H),.,.,3.01
(segid A and resid 30) and (name H),(segid A and resid 16) and (name H),.,.,4.90
(segid A and resid 15) and (name HE3),(segid A and resid 16) and (name H),.,.,3.23
(segid A and resid 31) and (name HD2),(segid A and resid 16) and (name H),.,.,5.23
(segid A and resid 29) and (name HD*),(segid A and resid 16) and (name H),.,.,4.54
(segid A and resid 28) and (name HD*),(segid A and resid 16) and (name H),.,.,4.91
(segid A and resid 29) and (name HA),(segid A and resid 16) and (name H),.,.,4.68
(segid A and resid 15) and (name HA),(segid A and resid 16) and (name H),.,.,2.42
(segid A and resid 30) and (name HA),(segid A and resid 16) and (name H),.,.,3.66
(segid A and resid 15) and (name HB2),(segid A and resid 16) and (name H),.,.,3.99
(segid A and resid 15) and (name HB3),(segid A and resid 16) and (name H),.,.,3.20
(segid A and resid 29) and (name HB3),(segid A and resid 16) and (name H),.,.,4.03
(segid A and resid 16) and (name HG2),(segid A and resid 16) and (name H),.,.,3.61
(segid A and resid 16) and (name H),(segid A and resid 16) and (name HB2),.,.,3.06
(segid A and resid 16) and (name HB3),(segid A and resid 16) and (name H),.,.,3.06
(segid A and resid 11) and (name HB2),(segid A and resid 16) and (name H),.,.,5.50
(segid A and resid 11) and (name HB3),(segid A and resid 16) and (name H),.,.,4.82
(segid A and resid 11) and (name HG),(segid A and resid 16) and (name H),.,.,4.63
(segid A and resid 11) and (name CD1* or (name HD1*)),(segid A and resid 16) and (name H),.,.,4.77
(segid A and resid 41) and (name HG3),(segid A and resid 16) and (name H),.,.,5.50
(segid A and resid 30) and (name HB2),(segid A and resid 16) and (name H),.,.,5.24
(segid A and resid 15) and (name H),(segid A and resid 14) and (name H),.,.,3.15
(segid A and resid 31) and (name H),(segid A and resid 15) and (name H),.,.,5.22
(segid A and resid 15) and (name HD1),(segid A and resid 15) and (name H),.,.,3.01
(segid A and resid 15) and (name H),(segid A and resid 15) and (name HE1),.,.,5.19
(segid A and resid 15) and (name H),(segid A and resid 16) and (name H),.,.,4.76
(segid A and resid 12) and (name HA),(segid A and resid 15) and (name H),.,.,5.50
(segid A and resid 16) and (name HA),(segid A and resid 15) and (name H),.,.,5.50
(segid A and resid 13) and (name HA),(segid A and resid 15) and (name H),.,.,3.88
(segid A and resid 14) and (name HA3),(segid A and resid 15) and (name H),.,.,3.35
(segid A and resid 15) and (name H),(segid A and resid 13) and (name HD2),.,.,5.40
(segid A and resid 15) and (name H),(segid A and resid 12) and (name HD2),.,.,4.96
(segid A and resid 15) and (name HB2),(segid A and resid 15) and (name H),.,.,2.69
(segid A and resid 15) and (name HB3),(segid A and resid 15) and (name H),.,.,3.73
(segid A and resid 16) and (name HG2),(segid A and resid 15) and (name H),.,.,5.50
(segid A and resid 13) and (name HG2),(segid A and resid 15) and (name H),.,.,5.50
(segid A and resid 15) and (name H),(segid A and resid 12) and (name HB2),.,.,4.33
(segid A and resid 12) and (name HG2),(segid A and resid 15) and (name H),.,.,4.86
(segid A and resid 11) and (name HB3),(segid A and resid 15) and (name H),.,.,4.42
(segid A and resid 11) and (name CD1* or (name HD1*)),(segid A and resid 15) and (name H),.,.,5.47
(segid A and resid 32) and (name CD* or (name HD*)),(segid A and resid 15) and (name H),.,.,4.89
(segid A and resid 41) and (name HG2),(segid A and resid 15) and (name H),.,.,5.50
(segid A and resid 41) and (name HG3),(segid A and resid 15) and (name H),.,.,5.50
(segid A and resid 13) and (name HA),(segid A and resid 14) and (name H),.,.,2.76
(segid A and resid 14) and (name H),(segid A and resid 13) and (name HB2),.,.,4.63
(segid A and resid 12) and (name HB2),(segid A and resid 14) and (name H),.,.,5.43
(segid A and resid 14) and (name H),(segid A and resid 13) and (name HB3),.,.,4.63
(segid A and resid 32) and (name CD* or (name HD*)),(segid A and resid 14) and (name H),.,.,4.93
(segid A and resid 28) and (name HE*),(segid A and resid 11) and (name H),.,.,5.50
(segid A and resid 11) and (name H),(segid A and resid 10) and (name HA),.,.,2.40
(segid A and resid 11) and (name H),(segid A and resid 12) and (name HD2),.,.,4.89
(segid A and resid 11) and (name H),(segid A and resid 10) and (name HE2),.,.,5.50
(segid A and resid 11) and (name H),(segid A and resid 10) and (name HE3),.,.,5.50
(segid A and resid 12) and (name HD3),(segid A and resid 11) and (name H),.,.,5.50
(segid A and resid 11) and (name HB2),(segid A and resid 11) and (name H),.,.,2.48
(segid A and resid 17) and (name HB2),(segid A and resid 11) and (name H),.,.,5.29
(segid A and resid 11) and (name HB3),(segid A and resid 11) and (name H),.,.,3.60
(segid A and resid 11) and (name H),(segid A and resid 11) and (name HG),.,.,4.04
(segid A and resid 11) and (name CD2* or (name HD2*)),(segid A and resid 11) and (name H),.,.,3.62
(segid A and resid 11) and (name H),(segid A and resid 10) and (name H),.,.,4.31
(segid A and resid 7) and (name HA),(segid A and resid 10) and (name H),.,.,4.90
(segid A and resid 10) and (name H),(segid A and resid 10) and (name HE2),.,.,5.25
(segid A and resid 10) and (name HE3),(segid A and resid 10) and (name H),.,.,5.25
(segid A and resid 10) and (name H),(segid A and resid 8) and (name HG2),.,.,5.04
(segid A and resid 8) and (name HG3),(segid A and resid 10) and (name H),.,.,5.04
(segid A and resid 10) and (name H),(segid A and resid 9) and (name HB2),.,.,4.73
(segid A and resid 10) and (name H),(segid A and resid 9) and (name HB3),.,.,4.73
(segid A and resid 10) and (name H),(segid A and resid 9) and (name HG2),.,.,5.27
(segid A and resid 9) and (name HG3),(segid A and resid 10) and (name H),.,.,5.27
(segid A and resid 10) and (name H),(segid A and resid 10) and (name HB2),.,.,2.90
(segid A and resid 10) and (name H),(segid A and resid 10) and (name HB3),.,.,2.90
(segid A and resid 10) and (name H),(segid A and resid 10) and (name HG2),.,.,3.36
(segid A and resid 10) and (name HG3),(segid A and resid 10) and (name H),.,.,3.36
(segid A and resid 11) and (name CD2* or (name HD2*)),(segid A and resid 10) and (name H),.,.,4.95
(segid A and resid 7) and (name HA),(segid A and resid 9) and (name H),.,.,4.56
(segid A and resid 9) and (name H),(segid A and resid 10) and (name HE2),.,.,5.50
(segid A and resid 10) and (name HE3),(segid A and resid 9) and (name H),.,.,5.50
(segid A and resid 9) and (name H),(segid A and resid 7) and (name HB2),.,.,5.48
(segid A and resid 9) and (name H),(segid A and resid 7) and (name HB3),.,.,5.48
(segid A and resid 9) and (name H),(segid A and resid 8) and (name HG2),.,.,3.82
(segid A and resid 8) and (name HG3),(segid A and resid 9) and (name H),.,.,3.82
(segid A and resid 9) and (name H),(segid A and resid 9) and (name HB2),.,.,3.81
(segid A and resid 9) and (name H),(segid A and resid 9) and (name HB3),.,.,3.81
(segid A and resid 9) and (name H),(segid A and resid 9) and (name HG2),.,.,4.11
(segid A and resid 9) and (name HG3),(segid A and resid 9) and (name H),.,.,4.11
(segid A and resid 6) and (name CB* or (name HB*)),(segid A and resid 9) and (name H),.,.,4.98
(segid A and resid 8) and (name H),(segid A and resid 7) and (name HB2),.,.,4.65
(segid A and resid 8) and (name H),(segid A and resid 7) and (name HB3),.,.,4.65
(segid A and resid 8) and (name H),(segid A and resid 8) and (name HG2),.,.,4.09
(segid A and resid 8) and (name HG3),(segid A and resid 8) and (name H),.,.,4.09
(segid A and resid 8) and (name H),(segid A and resid 8) and (name HB2),.,.,3.67
(segid A and resid 8) and (name H),(segid A and resid 8) and (name HB3),.,.,3.67
(segid A and resid 6) and (name CB* or (name HB*)),(segid A and resid 8) and (name H),.,.,4.43
(segid A and resid 6) and (name HA),(segid A and resid 7) and (name H),.,.,2.96
(segid A and resid 7) and (name H),(segid A and resid 7) and (name HB2),.,.,3.73
(segid A and resid 7) and (name H),(segid A and resid 7) and (name HB3),.,.,3.73
(segid A and resid 7) and (name H),(segid A and resid 8) and (name HB2),.,.,5.50
(segid A and resid 7) and (name H),(segid A and resid 8) and (name HB3),.,.,5.50
(segid A and resid 6) and (name CB* or (name HB*)),(segid A and resid 7) and (name H),.,.,3.73
(segid A and resid 7) and (name HA),(segid A and resid 6) and (name H),.,.,5.26
(segid A and resid 6) and (name H),(segid A and resid 5) and (name HA),.,.,3.18
(segid A and resid 6) and (name H),(segid A and resid 5) and (name HB2),.,.,4.86
(segid A and resid 6) and (name H),(segid A and resid 5) and (name HB3),.,.,4.86
(segid A and resid 6) and (name CB* or (name HB*)),(segid A and resid 6) and (name H),.,.,3.39
(segid A and resid 5) and (name H),(segid A and resid 5) and (name HG2),.,.,5.50
(segid A and resid 5) and (name H),(segid A and resid 5) and (name HG3),.,.,5.50
(segid A and resid 3) and (name H),(segid A and resid 3) and (name HG2),.,.,5.22
(segid A and resid 3) and (name H),(segid A and resid 3) and (name HG3),.,.,5.22
(segid A and resid 3) and (name H),(segid A and resid 2) and (name HB2),.,.,4.88
(segid A and resid 3) and (name H),(segid A and resid 2) and (name HB3),.,.,4.88
(segid A and resid 15) and (name HD1),(segid A and resid 14) and (name H),.,.,5.50
(segid A and resid 31) and (name HD2),(segid A and resid 14) and (name H),.,.,5.50
(segid A and resid 32) and (name HG13),(segid A and resid 14) and (name H),.,.,5.50
(segid A and resid 33) and (name CG* or (name HG*)),(segid A and resid 36) and (name H),.,.,5.50
(segid A and resid 41) and (name HD3),(segid A and resid 42) and (name H),.,.,5.50
(segid A and resid 41) and (name HG3),(segid A and resid 42) and (name H),.,.,5.50
(segid A and resid 43) and (name H),(segid A and resid 15) and (name HE1),.,.,5.44
(segid A and resid 38) and (name HB3),(segid A and resid 28) and (name H),.,.,5.50
(segid A and resid 15) and (name H),(segid A and resid 43) and (name HA2),.,.,5.50
(segid A and resid 15) and (name H),(segid A and resid 43) and (name HA3),.,.,5.50
(segid A and resid 30) and (name HB2),(segid A and resid 15) and (name H),.,.,5.50
(segid A and resid 32) and (name HB),(segid A and resid 32) and (name H),.,.,2.66
(segid A and resid 32) and (name HG13),(segid A and resid 32) and (name H),.,.,2.95
(segid A and resid 36) and (name HB2),(segid A and resid 29) and (name H),.,.,5.50
(segid A and resid 30) and (name HB2),(segid A and resid 29) and (name H),.,.,5.50
(segid A and resid 38) and (name H),(segid A and resid 38) and (name HE1),.,.,4.70
(segid A and resid 38) and (name HB2),(segid A and resid 38) and (name HE1),.,.,4.97
(segid A and resid 27) and (name HB2),(segid A and resid 38) and (name HE1),.,.,5.50
(segid A and resid 15) and (name HA),(segid A and resid 15) and (name HE1),.,.,5.50
(segid A and resid 30) and (name HA),(segid A and resid 15) and (name HE1),.,.,5.50
(segid A and resid 14) and (name HA3),(segid A and resid 15) and (name HE1),.,.,5.37
(segid A and resid 41) and (name HA),(segid A and resid 15) and (name HE1),.,.,5.20
(segid A and resid 15) and (name HB2),(segid A and resid 15) and (name HE1),.,.,4.82
(segid A and resid 12) and (name HG3),(segid A and resid 15) and (name HE1),.,.,4.91
(segid A and resid 12) and (name HG2),(segid A and resid 15) and (name HE1),.,.,4.14
(segid A and resid 35) and (name CB* or (name HB*)),(segid A and resid 15) and (name HE1),.,.,5.39
(segid A and resid 41) and (name HB3),(segid A and resid 15) and (name HE1),.,.,3.90
(segid A and resid 41) and (name HB2),(segid A and resid 15) and (name HE1),.,.,4.03
(segid A and resid 41) and (name HG2),(segid A and resid 15) and (name HE1),.,.,4.82
(segid A and resid 41) and (name HG3),(segid A and resid 15) and (name HE1),.,.,4.83
(segid A and resid 30) and (name HB2),(segid A and resid 15) and (name HE1),.,.,4.78
(segid A and resid 39) and (name H),(segid A and resid 39) and (name HG2),.,.,3.70
(segid A and resid 3) and (name HA),(segid A and resid 3) and (name HG2),.,.,3.72
(segid A and resid 3) and (name HA),(segid A and resid 3) and (name HG3),.,.,3.72
(segid A and resid 3) and (name HB3),(segid A and resid 3) and (name HG2),.,.,2.35
(segid A and resid 3) and (name HG3),(segid A and resid 3) and (name HB2),.,.,2.35
(segid A and resid 3) and (name HG3),(segid A and resid 3) and (name HB3),.,.,2.35
(segid A and resid 3) and (name HB2),(segid A and resid 3) and (name HG2),.,.,2.35
(segid A and resid 6) and (name H),(segid A and resid 5) and (name HB3),.,.,4.16
(segid A and resid 6) and (name H),(segid A and resid 5) and (name HB2),.,.,4.16
(segid A and resid 7) and (name H),(segid A and resid 7) and (name HB3),.,.,3.18
(segid A and resid 7) and (name H),(segid A and resid 7) and (name HB2),.,.,3.18
(segid A and resid 7) and (name H),(segid A and resid 9) and (name HB3),.,.,5.34
(segid A and resid 7) and (name H),(segid A and resid 9) and (name HB2),.,.,5.34
(segid A and resid 7) and (name HA),(segid A and resid 8) and (name HB3),.,.,5.34
(segid A and resid 7) and (name HA),(segid A and resid 8) and (name HB2),.,.,5.34
(segid A and resid 7) and (name HA),(segid A and resid 9) and (name HB3),.,.,4.76
(segid A and resid 7) and (name HA),(segid A and resid 9) and (name HB2),.,.,4.76
(segid A and resid 8) and (name H),(segid A and resid 7) and (name HB3),.,.,3.99
(segid A and resid 8) and (name H),(segid A and resid 7) and (name HB2),.,.,3.99
(segid A and resid 9) and (name H),(segid A and resid 7) and (name HB3),.,.,4.72
(segid A and resid 9) and (name H),(segid A and resid 7) and (name HB2),.,.,4.72
(segid A and resid 10) and (name H),(segid A and resid 7) and (name HB3),.,.,5.13
(segid A and resid 10) and (name H),(segid A and resid 7) and (name HB2),.,.,5.13
(segid A and resid 8) and (name H),(segid A and resid 8) and (name HB3),.,.,2.94
(segid A and resid 8) and (name H),(segid A and resid 8) and (name HB2),.,.,2.94
(segid A and resid 9) and (name H),(segid A and resid 9) and (name HB3),.,.,3.11
(segid A and resid 9) and (name H),(segid A and resid 9) and (name HB2),.,.,3.11
(segid A and resid 10) and (name H),(segid A and resid 9) and (name HB3),.,.,3.89
(segid A and resid 10) and (name H),(segid A and resid 9) and (name HB2),.,.,3.89
(segid A and resid 9) and (name HB3),(segid A and resid 10) and (name HE2),.,.,5.34
(segid A and resid 9) and (name HB2),(segid A and resid 10) and (name HE2),.,.,5.34
(segid A and resid 10) and (name HE3),(segid A and resid 9) and (name HB3),.,.,5.34
(segid A and resid 10) and (name HE3),(segid A and resid 9) and (name HB2),.,.,5.34
(segid A and resid 14) and (name H),(segid A and resid 13) and (name HB2),.,.,3.88
(segid A and resid 14) and (name H),(segid A and resid 13) and (name HB3),.,.,3.88
(segid A and resid 15) and (name H),(segid A and resid 13) and (name HB2),.,.,5.34
(segid A and resid 15) and (name H),(segid A and resid 13) and (name HB3),.,.,5.34
(segid A and resid 16) and (name H),(segid A and resid 18) and (name HG3),.,.,5.34
(segid A and resid 16) and (name H),(segid A and resid 18) and (name HG2),.,.,5.34
(segid A and resid 16) and (name HA),(segid A and resid 18) and (name HG3),.,.,5.14
(segid A and resid 16) and (name HA),(segid A and resid 18) and (name HG2),.,.,5.14
(segid A and resid 16) and (name HB3),(segid A and resid 18) and (name HG3),.,.,4.67
(segid A and resid 18) and (name HG2),(segid A and resid 16) and (name HB2),.,.,4.67
(segid A and resid 16) and (name HB3),(segid A and resid 18) and (name HG2),.,.,4.67
(segid A and resid 16) and (name HB2),(segid A and resid 18) and (name HG3),.,.,4.67
(segid A and resid 17) and (name H),(segid A and resid 18) and (name HG3),.,.,4.81
(segid A and resid 17) and (name H),(segid A and resid 18) and (name HG2),.,.,4.81
(segid A and resid 18) and (name H),(segid A and resid 18) and (name HG3),.,.,3.23
(segid A and resid 18) and (name H),(segid A and resid 18) and (name HG2),.,.,3.23
(segid A and resid 18) and (name HA),(segid A and resid 18) and (name HG3),.,.,3.47
(segid A and resid 18) and (name HA),(segid A and resid 18) and (name HG2),.,.,3.47
(segid A and resid 19) and (name H),(segid A and resid 18) and (name HG3),.,.,4.50
(segid A and resid 19) and (name H),(segid A and resid 18) and (name HG2),.,.,4.50
(segid A and resid 27) and (name HE*),(segid A and resid 18) and (name HG3),.,.,4.71
(segid A and resid 27) and (name HE*),(segid A and resid 18) and (name HG2),.,.,4.71
(segid A and resid 29) and (name H),(segid A and resid 18) and (name HG3),.,.,4.38
(segid A and resid 29) and (name H),(segid A and resid 18) and (name HG2),.,.,4.38
(segid A and resid 29) and (name HB2),(segid A and resid 18) and (name HG3),.,.,4.81
(segid A and resid 29) and (name HB2),(segid A and resid 18) and (name HG2),.,.,4.81
(segid A and resid 29) and (name HB3),(segid A and resid 18) and (name HG3),.,.,5.02
(segid A and resid 29) and (name HB3),(segid A and resid 18) and (name HG2),.,.,5.02
(segid A and resid 19) and (name H),(segid A and resid 18) and (name HD3),.,.,4.05
(segid A and resid 19) and (name H),(segid A and resid 18) and (name HD2),.,.,4.05
(segid A and resid 27) and (name HE*),(segid A and resid 18) and (name HD3),.,.,4.90
(segid A and resid 27) and (name HE*),(segid A and resid 18) and (name HD2),.,.,4.90
(segid A and resid 20) and (name H),(segid A and resid 20) and (name HG2),.,.,3.37
(segid A and resid 20) and (name H),(segid A and resid 20) and (name HG3),.,.,3.37
(segid A and resid 20) and (name HA),(segid A and resid 20) and (name HG2),.,.,3.45
(segid A and resid 20) and (name HA),(segid A and resid 20) and (name HG3),.,.,3.45
(segid A and resid 24) and (name H),(segid A and resid 20) and (name HG2),.,.,4.70
(segid A and resid 24) and (name H),(segid A and resid 20) and (name HG3),.,.,4.70
(segid A and resid 27) and (name HD*),(segid A and resid 20) and (name HG2),.,.,4.53
(segid A and resid 27) and (name HD*),(segid A and resid 20) and (name HG3),.,.,4.53
(segid A and resid 27) and (name HE*),(segid A and resid 20) and (name HG2),.,.,4.83
(segid A and resid 27) and (name HE*),(segid A and resid 20) and (name HG3),.,.,4.83
(segid A and resid 38) and (name HZ3),(segid A and resid 20) and (name HG2),.,.,5.34
(segid A and resid 38) and (name HZ3),(segid A and resid 20) and (name HG3),.,.,5.34
(segid A and resid 24) and (name HA3),(segid A and resid 23) and (name HB2),.,.,4.47
(segid A and resid 24) and (name HA3),(segid A and resid 23) and (name HB3),.,.,4.47
(segid A and resid 25) and (name H),(segid A and resid 23) and (name HB2),.,.,4.57
(segid A and resid 25) and (name H),(segid A and resid 23) and (name HB3),.,.,4.57
(segid A and resid 25) and (name H),(segid A and resid 25) and (name HD3),.,.,4.81
(segid A and resid 25) and (name H),(segid A and resid 25) and (name HD2),.,.,4.81
(segid A and resid 25) and (name HA),(segid A and resid 25) and (name HD3),.,.,4.47
(segid A and resid 25) and (name HA),(segid A and resid 25) and (name HD2),.,.,4.47
(segid A and resid 33) and (name H),(segid A and resid 34) and (name HB3),.,.,4.71
(segid A and resid 33) and (name H),(segid A and resid 34) and (name HB2),.,.,4.71
(segid A and resid 34) and (name H),(segid A and resid 34) and (name HB3),.,.,3.24
(segid A and resid 34) and (name H),(segid A and resid 34) and (name HB2),.,.,3.24
(segid A and resid 35) and (name H),(segid A and resid 34) and (name HB3),.,.,3.98
(segid A and resid 35) and (name H),(segid A and resid 34) and (name HB2),.,.,3.98
(segid A and resid 38) and (name H),(segid A and resid 39) and (name HG2),.,.,5.34
(segid A and resid 38) and (name H),(segid A and resid 39) and (name HG3),.,.,5.34
(segid A and resid 39) and (name H),(segid A and resid 39) and (name HG2),.,.,2.82
(segid A and resid 39) and (name H),(segid A and resid 39) and (name HG3),.,.,2.82
(segid A and resid 39) and (name HA),(segid A and resid 39) and (name HG2),.,.,3.57
(segid A and resid 39) and (name HA),(segid A and resid 39) and (name HG3),.,.,3.57
(segid A and resid 40) and (name H),(segid A and resid 39) and (name HG2),.,.,4.77
(segid A and resid 40) and (name H),(segid A and resid 39) and (name HG3),.,.,4.77
(segid A and resid 41) and (name HA),(segid A and resid 42) and (name HB2),.,.,4.62
(segid A and resid 41) and (name HA),(segid A and resid 42) and (name HB3),.,.,4.62
(segid A and resid 42) and (name H),(segid A and resid 42) and (name HB2),.,.,3.38
(segid A and resid 42) and (name H),(segid A and resid 42) and (name HB3),.,.,3.38
(segid A and resid 43) and (name H),(segid A and resid 42) and (name HB2),.,.,4.41
(segid A and resid 43) and (name H),(segid A and resid 42) and (name HB3),.,.,4.41
